mask_polymorphic_index,mask_nucleotide,target_polymorphic_index,target_nucleotide,effect,distance
0,G,0,G,-7.986386e-03,0
0,G,1,C,-4.656800e-05,212
0,G,1,T,-1.223900e-05,212
0,G,2,A,-1.235347e-04,256
0,G,3,A,-2.102830e-04,346
0,G,4,A,1.408800e-04,512
0,G,5,A,-1.801000e-04,516
0,G,6,G,-9.594000e-06,631
0,G,7,A,-3.135590e-04,643
0,G,8,T,-1.235346e-04,1051
0,G,9,A,-1.149990e-04,1076
0,G,10,G,-1.447100e-05,1081
0,G,11,A,5.402400e-05,1220
0,G,12,-,-2.960900e-05,1520
0,G,13,-,-2.960900e-05,1521
0,G,14,-,-2.960900e-05,1522
0,G,15,-,-2.960900e-05,1523
0,G,16,-,-2.960900e-05,1524
0,G,17,-,-2.960910e-05,1525
0,G,18,-,-2.960910e-05,1526
0,G,19,-,-2.960900e-05,1527
0,G,20,-,-2.960900e-05,1528
0,G,21,-,-2.960910e-05,1529
0,G,22,-,-2.960910e-05,1530
0,G,23,T,-2.960900e-05,1596
0,G,24,A,-1.220410e-04,1603
0,G,25,G,-1.220420e-04,1604
0,G,26,T,4.581000e-04,1618
0,G,27,G,5.402300e-05,1623
0,G,28,C,-9.452400e-05,1642
0,G,29,G,-2.248964e-04,1687
0,G,30,A,5.627800e-05,1790
0,G,31,A,7.213800e-05,1858
0,G,32,T,-1.348860e-04,1911
0,G,33,C,-9.452400e-05,2010
0,G,34,C,-2.960900e-05,2097
0,G,35,A,5.402400e-05,2280
0,G,36,C,-1.149990e-04,2352
0,G,37,G,9.907700e-05,2430
0,G,38,G,-3.922000e-05,2512
0,G,39,C,5.627800e-05,2556
0,G,40,A,-9.452400e-05,2620
0,G,41,G,-2.382920e-04,2835
0,G,42,G,8.422400e-05,2958
0,G,43,T,1.361300e-04,3014
0,G,44,G,7.872000e-04,3097
0,G,45,C,-1.235346e-04,3424
0,G,46,G,-2.960900e-05,3543
0,G,47,A,-1.235347e-04,3673
1,C,0,G,9.761000e-05,212
1,C,1,C,1.076800e-02,0
1,C,1,T,8.479067e-03,0
1,C,2,A,-5.406100e-06,44
1,C,3,A,5.420370e-04,134
1,C,4,A,-1.337520e-03,300
1,C,5,A,-4.397035e-03,304
1,C,6,G,8.898000e-06,419
1,C,7,A,4.034300e-05,431
1,C,8,T,-5.406000e-06,839
1,C,9,A,2.964260e-04,864
1,C,10,G,-2.756913e-04,869
1,C,11,A,-2.085450e-03,1008
1,C,12,-,2.554030e-05,1308
1,C,13,-,2.554030e-05,1309
1,C,14,-,2.554030e-05,1310
1,C,15,-,2.554040e-05,1311
1,C,16,-,2.554040e-05,1312
1,C,17,-,2.554030e-05,1313
1,C,18,-,2.554030e-05,1314
1,C,19,-,2.554040e-05,1315
1,C,20,-,2.554040e-05,1316
1,C,21,-,2.554030e-05,1317
1,C,22,-,2.554030e-05,1318
1,C,23,T,2.554020e-05,1384
1,C,24,A,6.907900e-05,1391
1,C,25,G,6.907800e-05,1392
1,C,26,T,-3.928600e-04,1406
1,C,27,G,-2.085450e-03,1411
1,C,28,C,-6.693800e-05,1430
1,C,29,G,-9.841800e-06,1475
1,C,30,A,-3.846540e-04,1578
1,C,31,A,-3.468994e-03,1646
1,C,32,T,1.163500e-04,1699
1,C,33,C,-6.693600e-05,1798
1,C,34,C,2.554020e-05,1885
1,C,35,A,-2.085450e-03,2068
1,C,36,C,2.964260e-04,2140
1,C,37,G,-6.771740e-04,2218
1,C,38,G,-5.734560e-03,2300
1,C,39,C,-3.846540e-04,2344
1,C,40,A,-6.693600e-05,2408
1,C,41,G,-1.687450e-04,2623
1,C,42,G,-2.351594e-03,2746
1,C,43,T,1.866700e-04,2802
1,C,44,G,6.851800e-05,2885
1,C,45,C,-5.406000e-06,3212
1,C,46,G,2.554030e-05,3331
1,C,47,A,-5.406100e-06,3461
1,T,0,G,2.322400e-05,212
1,T,1,C,1.044360e-02,0
1,T,1,T,1.499710e-02,0
1,T,2,A,1.392500e-06,44
1,T,3,A,4.761020e-04,134
1,T,4,A,-5.646270e-03,300
1,T,5,A,-1.184682e-03,304
1,T,6,G,3.905400e-05,419
1,T,7,A,9.241300e-05,431
1,T,8,T,1.392600e-06,839
1,T,9,A,2.603680e-04,864
1,T,10,G,-1.253615e-03,869
1,T,11,A,1.234982e-03,1008
1,T,12,-,1.311430e-05,1308
1,T,13,-,1.311430e-05,1309
1,T,14,-,1.311430e-05,1310
1,T,15,-,1.311440e-05,1311
1,T,16,-,1.311440e-05,1312
1,T,17,-,1.311430e-05,1313
1,T,18,-,1.311430e-05,1314
1,T,19,-,1.311440e-05,1315
1,T,20,-,1.311440e-05,1316
1,T,21,-,1.311430e-05,1317
1,T,22,-,1.311430e-05,1318
1,T,23,T,1.311420e-05,1384
1,T,24,A,1.237150e-04,1391
1,T,25,G,1.237150e-04,1392
1,T,26,T,-7.564000e-05,1406
1,T,27,G,1.234983e-03,1411
1,T,28,C,-7.102520e-04,1430
1,T,29,G,2.535000e-06,1475
1,T,30,A,-1.591266e-03,1578
1,T,31,A,4.005010e-03,1646
1,T,32,T,5.974200e-05,1699
1,T,33,C,-7.102520e-04,1798
1,T,34,C,1.311420e-05,1885
1,T,35,A,1.234982e-03,2068
1,T,36,C,2.603680e-04,2140
1,T,37,G,-2.801390e-03,2218
1,T,38,G,-6.830960e-03,2300
1,T,39,C,-1.591266e-03,2344
1,T,40,A,-7.102520e-04,2408
1,T,41,G,-1.790516e-03,2623
1,T,42,G,-1.172514e-03,2746
1,T,43,T,3.695200e-04,2802
1,T,44,G,1.335220e-04,2885
1,T,45,C,1.392600e-06,3212
1,T,46,G,1.311430e-05,3331
1,T,47,A,1.392500e-06,3461
2,A,0,G,3.924000e-06,256
2,A,1,C,-7.600000e-08,44
2,A,1,T,1.500000e-08,44
2,A,2,A,1.386539e-03,0
2,A,3,A,-2.690000e-07,90
2,A,4,A,4.100000e-07,256
2,A,5,A,-4.520000e-07,260
2,A,6,G,8.420000e-07,375
2,A,7,A,6.524000e-06,387
2,A,8,T,-5.066120e-05,795
2,A,9,A,-1.470000e-07,820
2,A,10,G,-3.120000e-08,825
2,A,11,A,1.500000e-07,964
2,A,12,-,1.110000e-07,1264
2,A,13,-,1.110000e-07,1265
2,A,14,-,1.110000e-07,1266
2,A,15,-,1.110000e-07,1267
2,A,16,-,1.110000e-07,1268
2,A,17,-,1.109000e-07,1269
2,A,18,-,1.109000e-07,1270
2,A,19,-,1.110000e-07,1271
2,A,20,-,1.110000e-07,1272
2,A,21,-,1.109000e-07,1273
2,A,22,-,1.109000e-07,1274
2,A,23,T,1.110000e-07,1340
2,A,24,A,3.117000e-06,1347
2,A,25,G,3.116000e-06,1348
2,A,26,T,1.240000e-06,1362
2,A,27,G,1.490000e-07,1367
2,A,28,C,-2.500000e-07,1386
2,A,29,G,4.259800e-06,1431
2,A,30,A,1.600000e-07,1534
2,A,31,A,1.900000e-07,1602
2,A,32,T,5.040000e-07,1655
2,A,33,C,-2.480000e-07,1754
2,A,34,C,1.110000e-07,1841
2,A,35,A,1.500000e-07,2024
2,A,36,C,-1.470000e-07,2096
2,A,37,G,2.820000e-07,2174
2,A,38,G,-4.000000e-08,2256
2,A,39,C,1.600000e-07,2300
2,A,40,A,-2.480000e-07,2364
2,A,41,G,-6.280000e-07,2579
2,A,42,G,2.440000e-07,2702
2,A,43,T,1.120000e-06,2758
2,A,44,G,-1.250000e-05,2841
2,A,45,C,-5.066120e-05,3168
2,A,46,G,1.110000e-07,3287
2,A,47,A,-5.066130e-05,3417
3,A,0,G,6.802660e-04,346
3,A,1,C,8.911390e-04,134
3,A,1,T,6.927690e-04,134
3,A,2,A,-2.736550e-05,90
3,A,3,A,1.020840e-02,0
3,A,4,A,-3.776200e-04,166
3,A,5,A,1.433556e-03,170
3,A,6,G,6.337600e-05,285
3,A,7,A,8.508100e-05,297
3,A,8,T,-2.736540e-05,705
3,A,9,A,1.621332e-03,730
3,A,10,G,1.844468e-04,735
3,A,11,A,-2.576700e-04,874
3,A,12,-,1.741744e-04,1174
3,A,13,-,1.741744e-04,1175
3,A,14,-,1.741744e-04,1176
3,A,15,-,1.741744e-04,1177
3,A,16,-,1.741744e-04,1178
3,A,17,-,1.741743e-04,1179
3,A,18,-,1.741743e-04,1180
3,A,19,-,1.741744e-04,1181
3,A,20,-,1.741744e-04,1182
3,A,21,-,1.741743e-04,1183
3,A,22,-,1.741744e-04,1184
3,A,23,T,1.741744e-04,1250
3,A,24,A,1.856860e-04,1257
3,A,25,G,1.856860e-04,1258
3,A,26,T,-2.669370e-03,1272
3,A,27,G,-2.576710e-04,1277
3,A,28,C,6.074200e-04,1296
3,A,29,G,-4.981900e-05,1341
3,A,30,A,-2.036120e-04,1444
3,A,31,A,-4.495480e-04,1512
3,A,32,T,7.934600e-04,1565
3,A,33,C,6.074220e-04,1664
3,A,34,C,1.741744e-04,1751
3,A,35,A,-2.576700e-04,1934
3,A,36,C,1.621332e-03,2006
3,A,37,G,-3.584550e-04,2084
3,A,38,G,1.055930e-03,2166
3,A,39,C,-2.036120e-04,2210
3,A,40,A,6.074220e-04,2274
3,A,41,G,1.531283e-03,2489
3,A,42,G,-2.630320e-04,2612
3,A,43,T,6.684000e-04,2668
3,A,44,G,4.138660e-04,2751
3,A,45,C,-2.736540e-05,3078
3,A,46,G,1.741744e-04,3197
3,A,47,A,-2.736550e-05,3327
4,A,0,G,-4.732360e-04,512
4,A,1,C,-3.011172e-03,300
4,A,1,T,-8.098165e-03,300
4,A,2,A,4.346273e-05,256
4,A,3,A,-3.920950e-04,166
4,A,4,A,2.433422e-02,0
4,A,5,A,6.650376e-03,4
4,A,6,G,1.947610e-04,119
4,A,7,A,3.377910e-04,131
4,A,8,T,4.346280e-05,539
4,A,9,A,-2.144270e-04,564
4,A,10,G,-7.085929e-03,569
4,A,11,A,-1.160418e-03,708
4,A,12,-,-7.849720e-05,1008
4,A,13,-,-7.849720e-05,1009
4,A,14,-,-7.849720e-05,1010
4,A,15,-,-7.849720e-05,1011
4,A,16,-,-7.849720e-05,1012
4,A,17,-,-7.849730e-05,1013
4,A,18,-,-7.849730e-05,1014
4,A,19,-,-7.849720e-05,1015
4,A,20,-,-7.849720e-05,1016
4,A,21,-,-7.849730e-05,1017
4,A,22,-,-7.849730e-05,1018
4,A,23,T,-7.849720e-05,1084
4,A,24,A,3.560480e-04,1091
4,A,25,G,3.560470e-04,1092
4,A,26,T,2.019580e-03,1106
4,A,27,G,-1.160417e-03,1111
4,A,28,C,-2.350880e-04,1130
4,A,29,G,7.912460e-05,1175
4,A,30,A,-2.525172e-03,1278
4,A,31,A,-4.106084e-03,1346
4,A,32,T,-3.576000e-04,1399
4,A,33,C,-2.350880e-04,1498
4,A,34,C,-7.849720e-05,1585
4,A,35,A,-1.160418e-03,1768
4,A,36,C,-2.144270e-04,1840
4,A,37,G,-4.445512e-03,1918
4,A,38,G,-7.406240e-03,2000
4,A,39,C,-2.525172e-03,2044
4,A,40,A,-2.350880e-04,2108
4,A,41,G,-5.926480e-04,2323
4,A,42,G,1.552600e-03,2446
4,A,43,T,1.188930e-03,2502
4,A,44,G,4.227940e-04,2585
4,A,45,C,4.346280e-05,2912
4,A,46,G,-7.849720e-05,3031
4,A,47,A,4.346273e-05,3161
5,A,0,G,-8.734000e-05,516
5,A,1,C,1.020743e-03,304
5,A,1,T,2.958080e-04,304
5,A,2,A,6.921500e-06,260
5,A,3,A,-2.149000e-04,170
5,A,4,A,-9.601400e-04,4
5,A,5,A,-2.463788e-03,0
5,A,6,G,2.077800e-05,115
5,A,7,A,2.833800e-05,127
5,A,8,T,6.921600e-06,535
5,A,9,A,-1.175240e-04,560
5,A,10,G,-7.889893e-04,565
5,A,11,A,-2.397200e-05,704
5,A,12,-,-1.737700e-05,1004
5,A,13,-,-1.737700e-05,1005
5,A,14,-,-1.737700e-05,1006
5,A,15,-,-1.737700e-05,1007
5,A,16,-,-1.737700e-05,1008
5,A,17,-,-1.737710e-05,1009
5,A,18,-,-1.737710e-05,1010
5,A,19,-,-1.737700e-05,1011
5,A,20,-,-1.737700e-05,1012
5,A,21,-,-1.737710e-05,1013
5,A,22,-,-1.737700e-05,1014
5,A,23,T,-1.737700e-05,1080
5,A,24,A,2.166300e-05,1087
5,A,25,G,2.166200e-05,1088
5,A,26,T,3.654200e-04,1102
5,A,27,G,-2.397300e-05,1107
5,A,28,C,8.448300e-05,1126
5,A,29,G,1.260080e-05,1171
5,A,30,A,-6.199800e-05,1274
5,A,31,A,-6.500780e-04,1342
5,A,32,T,-7.916200e-05,1395
5,A,33,C,8.448400e-05,1494
5,A,34,C,-1.737700e-05,1581
5,A,35,A,-2.397200e-05,1764
5,A,36,C,-1.175240e-04,1836
5,A,37,G,-1.091470e-04,1914
5,A,38,G,8.777000e-04,1996
5,A,39,C,-6.199800e-05,2040
5,A,40,A,8.448400e-05,2104
5,A,41,G,2.129790e-04,2319
5,A,42,G,7.753560e-04,2442
5,A,43,T,8.594000e-05,2498
5,A,44,G,2.990000e-05,2581
5,A,45,C,6.921600e-06,2908
5,A,46,G,-1.737700e-05,3027
5,A,47,A,6.921500e-06,3157
6,G,0,G,5.412000e-06,631
6,G,1,C,3.406000e-06,419
6,G,1,T,9.403000e-06,419
6,G,2,A,1.493370e-05,375
6,G,3,A,1.105200e-05,285
6,G,4,A,3.271000e-05,119
6,G,5,A,-2.417200e-05,115
6,G,6,G,5.064480e-03,0
6,G,7,A,-4.304000e-06,12
6,G,8,T,1.493370e-05,420
6,G,9,A,6.044000e-06,445
6,G,10,G,-6.570000e-07,450
6,G,11,A,1.044800e-05,589
6,G,12,-,1.277040e-05,889
6,G,13,-,1.277040e-05,890
6,G,14,-,1.277040e-05,891
6,G,15,-,1.277040e-05,892
6,G,16,-,1.277040e-05,893
6,G,17,-,1.277030e-05,894
6,G,18,-,1.277030e-05,895
6,G,19,-,1.277040e-05,896
6,G,20,-,1.277040e-05,897
6,G,21,-,1.277030e-05,898
6,G,22,-,1.277040e-05,899
6,G,23,T,1.277040e-05,965
6,G,24,A,-4.334600e-05,972
6,G,25,G,-4.334700e-05,973
6,G,26,T,7.962000e-05,987
6,G,27,G,1.044900e-05,992
6,G,28,C,-1.537700e-05,1011
6,G,29,G,2.718700e-05,1056
6,G,30,A,1.208600e-05,1159
6,G,31,A,1.199400e-05,1227
6,G,32,T,5.817600e-05,1280
6,G,33,C,-1.537600e-05,1379
6,G,34,C,1.277040e-05,1466
6,G,35,A,1.044800e-05,1649
6,G,36,C,6.044000e-06,1721
6,G,37,G,2.128000e-05,1799
6,G,38,G,8.540000e-06,1881
6,G,39,C,1.208700e-05,1925
6,G,40,A,-1.537600e-05,1989
6,G,41,G,-3.876400e-05,2204
6,G,42,G,1.886400e-05,2327
6,G,43,T,1.119400e-04,2383
6,G,44,G,1.929160e-04,2466
6,G,45,C,1.493370e-05,2793
6,G,46,G,1.277040e-05,2912
6,G,47,A,1.493370e-05,3042
7,A,0,G,4.262040e-04,643
7,A,1,C,3.162200e-05,431
7,A,1,T,5.426900e-05,431
7,A,2,A,2.791773e-04,387
7,A,3,A,3.574900e-05,297
7,A,4,A,1.366900e-04,131
7,A,5,A,-7.942800e-05,127
7,A,6,G,-1.037000e-05,12
7,A,7,A,1.027254e-02,0
7,A,8,T,2.791774e-04,408
7,A,9,A,1.955000e-05,433
7,A,10,G,5.605000e-07,438
7,A,11,A,4.110000e-05,577
7,A,12,-,-2.028540e-05,877
7,A,13,-,-2.028540e-05,878
7,A,14,-,-2.028540e-05,879
7,A,15,-,-2.028540e-05,880
7,A,16,-,-2.028540e-05,881
7,A,17,-,-2.028550e-05,882
7,A,18,-,-2.028550e-05,883
7,A,19,-,-2.028540e-05,884
7,A,20,-,-2.028540e-05,885
7,A,21,-,-2.028550e-05,886
7,A,22,-,-2.028540e-05,887
7,A,23,T,-2.028540e-05,953
7,A,24,A,-3.148687e-03,960
7,A,25,G,-3.148688e-03,961
7,A,26,T,2.999700e-04,975
7,A,27,G,4.110000e-05,980
7,A,28,C,-5.622000e-05,999
7,A,29,G,5.082460e-04,1044
7,A,30,A,4.931200e-05,1147
7,A,31,A,4.431000e-05,1215
7,A,32,T,-9.241200e-05,1268
7,A,33,C,-5.621900e-05,1367
7,A,34,C,-2.028540e-05,1454
7,A,35,A,4.110000e-05,1637
7,A,36,C,1.955000e-05,1709
7,A,37,G,8.681500e-05,1787
7,A,38,G,5.726000e-05,1869
7,A,39,C,4.931300e-05,1913
7,A,40,A,-5.622000e-05,1977
7,A,41,G,-1.417270e-04,2192
7,A,42,G,7.797800e-05,2315
7,A,43,T,2.320200e-04,2371
7,A,44,G,-1.896190e-03,2454
7,A,45,C,2.791774e-04,2781
7,A,46,G,-2.028540e-05,2900
7,A,47,A,2.791773e-04,3030
8,T,0,G,5.842000e-06,1051
8,T,1,C,-1.140000e-07,839
8,T,1,T,2.300000e-08,839
8,T,2,A,-7.543590e-05,795
8,T,3,A,-4.000000e-07,705
8,T,4,A,6.100000e-07,539
8,T,5,A,-6.740000e-07,535
8,T,6,G,1.252000e-06,420
8,T,7,A,9.714000e-06,408
8,T,8,T,1.388007e-03,0
8,T,9,A,-2.190000e-07,25
8,T,10,G,-4.650000e-08,30
8,T,11,A,2.220000e-07,169
8,T,12,-,1.652000e-07,469
8,T,13,-,1.652000e-07,470
8,T,14,-,1.652000e-07,471
8,T,15,-,1.652000e-07,472
8,T,16,-,1.652000e-07,473
8,T,17,-,1.651000e-07,474
8,T,18,-,1.651000e-07,475
8,T,19,-,1.652000e-07,476
8,T,20,-,1.652000e-07,477
8,T,21,-,1.651000e-07,478
8,T,22,-,1.652000e-07,479
8,T,23,T,1.652000e-07,545
8,T,24,A,4.641000e-06,552
8,T,25,G,4.641000e-06,553
8,T,26,T,1.840000e-06,567
8,T,27,G,2.220000e-07,572
8,T,28,C,-3.700000e-07,591
8,T,29,G,6.342800e-06,636
8,T,30,A,2.380000e-07,739
8,T,31,A,2.840000e-07,807
8,T,32,T,7.520000e-07,860
8,T,33,C,-3.700000e-07,959
8,T,34,C,1.652000e-07,1046
8,T,35,A,2.220000e-07,1229
8,T,36,C,-2.190000e-07,1301
8,T,37,G,4.200000e-07,1379
8,T,38,G,-6.000000e-08,1461
8,T,39,C,2.380000e-07,1505
8,T,40,A,-3.700000e-07,1569
8,T,41,G,-9.350000e-07,1784
8,T,42,G,3.620000e-07,1907
8,T,43,T,1.680000e-06,1963
8,T,44,G,-1.861400e-05,2046
8,T,45,C,-7.543590e-05,2373
8,T,46,G,1.652000e-07,2492
8,T,47,A,-7.543590e-05,2622
9,A,0,G,8.812400e-05,1076
9,A,1,C,1.154470e-04,864
9,A,1,T,8.974900e-05,864
9,A,2,A,-3.545100e-06,820
9,A,3,A,3.840620e-04,730
9,A,4,A,-4.892000e-05,564
9,A,5,A,1.857090e-04,560
9,A,6,G,8.210000e-06,445
9,A,7,A,1.102200e-05,433
9,A,8,T,-3.545000e-06,25
9,A,9,A,5.948838e-03,0
9,A,10,G,2.389390e-05,5
9,A,11,A,-3.338000e-05,144
9,A,12,-,2.256330e-05,444
9,A,13,-,2.256330e-05,445
9,A,14,-,2.256330e-05,446
9,A,15,-,2.256340e-05,447
9,A,16,-,2.256340e-05,448
9,A,17,-,2.256330e-05,449
9,A,18,-,2.256330e-05,450
9,A,19,-,2.256340e-05,451
9,A,20,-,2.256340e-05,452
9,A,21,-,2.256330e-05,453
9,A,22,-,2.256330e-05,454
9,A,23,T,2.256320e-05,520
9,A,24,A,2.405500e-05,527
9,A,25,G,2.405400e-05,528
9,A,26,T,-3.458000e-04,542
9,A,27,G,-3.338000e-05,547
9,A,28,C,7.868800e-05,566
9,A,29,G,-6.453700e-06,611
9,A,30,A,-2.637800e-05,714
9,A,31,A,-5.823600e-05,782
9,A,32,T,1.027880e-04,835
9,A,33,C,7.868800e-05,934
9,A,34,C,2.256320e-05,1021
9,A,35,A,-3.338000e-05,1204
9,A,36,C,-3.646463e-03,1276
9,A,37,G,-4.643600e-05,1354
9,A,38,G,1.367800e-04,1436
9,A,39,C,-2.637700e-05,1480
9,A,40,A,7.868800e-05,1544
9,A,41,G,1.983680e-04,1759
9,A,42,G,-3.407400e-05,1882
9,A,43,T,8.658000e-05,1938
9,A,44,G,5.361400e-05,2021
9,A,45,C,-3.545000e-06,2348
9,A,46,G,2.256330e-05,2467
9,A,47,A,-3.545100e-06,2597
10,G,0,G,5.204000e-06,1081
10,G,1,C,-6.802000e-05,869
10,G,1,T,-1.923190e-04,869
10,G,2,A,-3.531000e-07,825
10,G,3,A,2.050600e-05,735
10,G,4,A,-7.586900e-04,569
10,G,5,A,5.851320e-04,565
10,G,6,G,-4.180000e-07,450
10,G,7,A,1.480000e-07,438
10,G,8,T,-3.530000e-07,30
10,G,9,A,1.121400e-05,5
10,G,10,G,2.314102e-03,0
10,G,11,A,-2.625420e-04,139
10,G,12,-,1.191600e-06,439
10,G,13,-,1.191600e-06,440
10,G,14,-,1.191600e-06,441
10,G,15,-,1.191600e-06,442
10,G,16,-,1.191600e-06,443
10,G,17,-,1.191500e-06,444
10,G,18,-,1.191500e-06,445
10,G,19,-,1.191600e-06,446
10,G,20,-,1.191600e-06,447
10,G,21,-,1.191500e-06,448
10,G,22,-,1.191600e-06,449
10,G,23,T,1.191600e-06,515
10,G,24,A,1.089000e-06,522
10,G,25,G,1.088000e-06,523
10,G,26,T,-2.138000e-05,537
10,G,27,G,-2.625420e-04,542
10,G,28,C,-2.185980e-04,561
10,G,29,G,-6.426000e-07,606
10,G,30,A,4.905360e-04,709
10,G,31,A,-2.850700e-04,777
10,G,32,T,5.428000e-06,830
10,G,33,C,-2.185960e-04,929
10,G,34,C,1.191600e-06,1016
10,G,35,A,-2.625420e-04,1199
10,G,36,C,1.121400e-05,1271
10,G,37,G,8.635780e-04,1349
10,G,38,G,-1.735600e-04,1431
10,G,39,C,4.905360e-04,1475
10,G,40,A,-2.185960e-04,1539
10,G,41,G,-5.510730e-04,1754
10,G,42,G,-4.954600e-04,1877
10,G,43,T,2.090000e-06,1933
10,G,44,G,8.180000e-07,2016
10,G,45,C,-3.530000e-07,2343
10,G,46,G,1.191600e-06,2462
10,G,47,A,-3.531000e-07,2592
11,A,0,G,-3.264400e-05,1220
11,A,1,C,-5.506150e-04,1008
11,A,1,T,2.822940e-04,1008
11,A,2,A,2.835500e-06,964
11,A,3,A,-4.813100e-05,874
11,A,4,A,-2.087600e-04,708
11,A,5,A,2.987200e-05,704
11,A,6,G,1.119200e-05,589
11,A,7,A,1.827100e-05,577
11,A,8,T,2.835500e-06,169
11,A,9,A,-2.632200e-05,144
11,A,10,G,-4.411143e-04,139
11,A,11,A,6.214232e-03,0
11,A,12,-,-5.842200e-06,300
11,A,13,-,-5.842200e-06,301
11,A,14,-,-5.842200e-06,302
11,A,15,-,-5.842200e-06,303
11,A,16,-,-5.842200e-06,304
11,A,17,-,-5.842300e-06,305
11,A,18,-,-5.842300e-06,306
11,A,19,-,-5.842200e-06,307
11,A,20,-,-5.842200e-06,308
11,A,21,-,-5.842300e-06,309
11,A,22,-,-5.842300e-06,310
11,A,23,T,-5.842200e-06,376
11,A,24,A,1.804500e-05,383
11,A,25,G,1.804500e-05,384
11,A,26,T,1.382400e-04,398
11,A,27,G,-1.581425e-03,403
11,A,28,C,1.501500e-04,422
11,A,29,G,5.162000e-06,467
11,A,30,A,8.417400e-05,570
11,A,31,A,6.292020e-04,638
11,A,32,T,-2.661600e-05,691
11,A,33,C,1.501520e-04,790
11,A,34,C,-5.842200e-06,877
11,A,35,A,-1.581424e-03,1060
11,A,36,C,-2.632200e-05,1132
11,A,37,G,1.481860e-04,1210
11,A,38,G,-1.788800e-04,1292
11,A,39,C,8.417400e-05,1336
11,A,40,A,1.501520e-04,1400
11,A,41,G,3.785240e-04,1615
11,A,42,G,6.415070e-04,1738
11,A,43,T,6.226000e-05,1794
11,A,44,G,2.204600e-05,1877
11,A,45,C,2.835500e-06,2204
11,A,46,G,-5.842200e-06,2323
11,A,47,A,2.835500e-06,2453
12,-,0,G,-2.330000e-06,1520
12,-,1,C,-9.850000e-07,1308
12,-,1,T,-4.850000e-07,1308
12,-,2,A,-2.747000e-07,1264
12,-,3,A,-4.235000e-06,1174
12,-,4,A,1.830000e-06,1008
12,-,5,A,-2.818000e-06,1004
12,-,6,G,-1.780000e-06,889
12,-,7,A,1.174000e-06,877
12,-,8,T,-2.746000e-07,469
12,-,9,A,-2.316000e-06,444
12,-,10,G,-2.607000e-07,439
12,-,11,A,7.600000e-07,300
12,-,12,-,-5.802404e-04,0
12,-,13,-,5.165900e-05,1
12,-,14,-,5.165900e-05,2
12,-,15,-,5.165900e-05,3
12,-,16,-,5.165900e-05,4
12,-,17,-,5.165890e-05,5
12,-,18,-,5.165890e-05,6
12,-,19,-,5.165900e-05,7
12,-,20,-,5.165900e-05,8
12,-,21,-,5.165890e-05,9
12,-,22,-,5.165900e-05,10
12,-,23,T,5.165900e-05,76
12,-,24,A,2.304000e-06,83
12,-,25,G,2.304000e-06,84
12,-,26,T,6.700000e-06,98
12,-,27,G,7.610000e-07,103
12,-,28,C,-1.408000e-06,122
12,-,29,G,-4.999000e-07,167
12,-,30,A,7.600000e-07,270
12,-,31,A,1.067000e-06,338
12,-,32,T,-3.610000e-06,391
12,-,33,C,-1.408000e-06,490
12,-,34,C,5.165900e-05,577
12,-,35,A,7.600000e-07,760
12,-,36,C,-2.316000e-06,832
12,-,37,G,1.338000e-06,910
12,-,38,G,-9.800000e-07,992
12,-,39,C,7.600000e-07,1036
12,-,40,A,-1.408000e-06,1100
12,-,41,G,-3.549000e-06,1315
12,-,42,G,1.118000e-06,1438
12,-,43,T,4.000000e-08,1494
12,-,44,G,-4.682000e-06,1577
12,-,45,C,-2.746000e-07,1904
12,-,46,G,5.165900e-05,2023
12,-,47,A,-2.747000e-07,2153
13,-,0,G,-2.330000e-06,1521
13,-,1,C,-9.850000e-07,1309
13,-,1,T,-4.850000e-07,1309
13,-,2,A,-2.747000e-07,1265
13,-,3,A,-4.235000e-06,1175
13,-,4,A,1.830000e-06,1009
13,-,5,A,-2.818000e-06,1005
13,-,6,G,-1.780000e-06,890
13,-,7,A,1.174000e-06,878
13,-,8,T,-2.746000e-07,470
13,-,9,A,-2.316000e-06,445
13,-,10,G,-2.607000e-07,440
13,-,11,A,7.600000e-07,301
13,-,12,-,5.165900e-05,1
13,-,13,-,-5.802404e-04,0
13,-,14,-,5.165900e-05,1
13,-,15,-,5.165900e-05,2
13,-,16,-,5.165900e-05,3
13,-,17,-,5.165890e-05,4
13,-,18,-,5.165890e-05,5
13,-,19,-,5.165900e-05,6
13,-,20,-,5.165900e-05,7
13,-,21,-,5.165890e-05,8
13,-,22,-,5.165900e-05,9
13,-,23,T,5.165900e-05,75
13,-,24,A,2.304000e-06,82
13,-,25,G,2.304000e-06,83
13,-,26,T,6.700000e-06,97
13,-,27,G,7.610000e-07,102
13,-,28,C,-1.408000e-06,121
13,-,29,G,-4.999000e-07,166
13,-,30,A,7.600000e-07,269
13,-,31,A,1.067000e-06,337
13,-,32,T,-3.610000e-06,390
13,-,33,C,-1.408000e-06,489
13,-,34,C,5.165900e-05,576
13,-,35,A,7.600000e-07,759
13,-,36,C,-2.316000e-06,831
13,-,37,G,1.338000e-06,909
13,-,38,G,-9.800000e-07,991
13,-,39,C,7.600000e-07,1035
13,-,40,A,-1.408000e-06,1099
13,-,41,G,-3.549000e-06,1314
13,-,42,G,1.118000e-06,1437
13,-,43,T,4.000000e-08,1493
13,-,44,G,-4.682000e-06,1576
13,-,45,C,-2.746000e-07,1903
13,-,46,G,5.165900e-05,2022
13,-,47,A,-2.747000e-07,2152
14,-,0,G,-2.330000e-06,1522
14,-,1,C,-9.850000e-07,1310
14,-,1,T,-4.850000e-07,1310
14,-,2,A,-2.747000e-07,1266
14,-,3,A,-4.235000e-06,1176
14,-,4,A,1.830000e-06,1010
14,-,5,A,-2.818000e-06,1006
14,-,6,G,-1.780000e-06,891
14,-,7,A,1.174000e-06,879
14,-,8,T,-2.746000e-07,471
14,-,9,A,-2.316000e-06,446
14,-,10,G,-2.607000e-07,441
14,-,11,A,7.600000e-07,302
14,-,12,-,5.165900e-05,2
14,-,13,-,5.165900e-05,1
14,-,14,-,-5.802404e-04,0
14,-,15,-,5.165900e-05,1
14,-,16,-,5.165900e-05,2
14,-,17,-,5.165890e-05,3
14,-,18,-,5.165890e-05,4
14,-,19,-,5.165900e-05,5
14,-,20,-,5.165900e-05,6
14,-,21,-,5.165890e-05,7
14,-,22,-,5.165900e-05,8
14,-,23,T,5.165900e-05,74
14,-,24,A,2.304000e-06,81
14,-,25,G,2.304000e-06,82
14,-,26,T,6.700000e-06,96
14,-,27,G,7.610000e-07,101
14,-,28,C,-1.408000e-06,120
14,-,29,G,-4.999000e-07,165
14,-,30,A,7.600000e-07,268
14,-,31,A,1.067000e-06,336
14,-,32,T,-3.610000e-06,389
14,-,33,C,-1.408000e-06,488
14,-,34,C,5.165900e-05,575
14,-,35,A,7.600000e-07,758
14,-,36,C,-2.316000e-06,830
14,-,37,G,1.338000e-06,908
14,-,38,G,-9.800000e-07,990
14,-,39,C,7.600000e-07,1034
14,-,40,A,-1.408000e-06,1098
14,-,41,G,-3.549000e-06,1313
14,-,42,G,1.118000e-06,1436
14,-,43,T,4.000000e-08,1492
14,-,44,G,-4.682000e-06,1575
14,-,45,C,-2.746000e-07,1902
14,-,46,G,5.165900e-05,2021
14,-,47,A,-2.747000e-07,2151
15,-,0,G,-3.082000e-06,1523
15,-,1,C,-1.295000e-06,1311
15,-,1,T,-6.340000e-07,1311
15,-,2,A,-3.633000e-07,1267
15,-,3,A,-5.603000e-06,1177
15,-,4,A,2.430000e-06,1011
15,-,5,A,-3.728000e-06,1007
15,-,6,G,-2.356000e-06,892
15,-,7,A,1.553000e-06,880
15,-,8,T,-3.633000e-07,472
15,-,9,A,-3.065000e-06,447
15,-,10,G,-3.448000e-07,442
15,-,11,A,1.006000e-06,303
15,-,12,-,6.834730e-05,3
15,-,13,-,6.834730e-05,2
15,-,14,-,6.834730e-05,1
15,-,15,-,-5.786592e-04,0
15,-,16,-,6.834740e-05,1
15,-,17,-,6.834730e-05,2
15,-,18,-,6.834730e-05,3
15,-,19,-,6.834740e-05,4
15,-,20,-,6.834740e-05,5
15,-,21,-,6.834730e-05,6
15,-,22,-,6.834730e-05,7
15,-,23,T,6.834720e-05,73
15,-,24,A,3.049000e-06,80
15,-,25,G,3.048000e-06,81
15,-,26,T,8.860000e-06,95
15,-,27,G,1.006000e-06,100
15,-,28,C,-1.863000e-06,119
15,-,29,G,-6.614000e-07,164
15,-,30,A,1.006000e-06,267
15,-,31,A,1.412000e-06,335
15,-,32,T,-4.776000e-06,388
15,-,33,C,-1.862000e-06,487
15,-,34,C,6.834720e-05,574
15,-,35,A,1.006000e-06,757
15,-,36,C,-3.065000e-06,829
15,-,37,G,1.771000e-06,907
15,-,38,G,-1.300000e-06,989
15,-,39,C,1.006000e-06,1033
15,-,40,A,-1.862000e-06,1097
15,-,41,G,-4.696000e-06,1312
15,-,42,G,1.478000e-06,1435
15,-,43,T,5.000000e-08,1491
15,-,44,G,-6.196000e-06,1574
15,-,45,C,-3.633000e-07,1901
15,-,46,G,6.834730e-05,2020
15,-,47,A,-3.633000e-07,2150
16,-,0,G,-3.082000e-06,1524
16,-,1,C,-1.295000e-06,1312
16,-,1,T,-6.340000e-07,1312
16,-,2,A,-3.633000e-07,1268
16,-,3,A,-5.603000e-06,1178
16,-,4,A,2.430000e-06,1012
16,-,5,A,-3.728000e-06,1008
16,-,6,G,-2.356000e-06,893
16,-,7,A,1.553000e-06,881
16,-,8,T,-3.633000e-07,473
16,-,9,A,-3.065000e-06,448
16,-,10,G,-3.448000e-07,443
16,-,11,A,1.006000e-06,304
16,-,12,-,6.834730e-05,4
16,-,13,-,6.834730e-05,3
16,-,14,-,6.834730e-05,2
16,-,15,-,6.834740e-05,1
16,-,16,-,-5.786592e-04,0
16,-,17,-,6.834730e-05,1
16,-,18,-,6.834730e-05,2
16,-,19,-,6.834740e-05,3
16,-,20,-,6.834740e-05,4
16,-,21,-,6.834730e-05,5
16,-,22,-,6.834730e-05,6
16,-,23,T,6.834720e-05,72
16,-,24,A,3.049000e-06,79
16,-,25,G,3.048000e-06,80
16,-,26,T,8.860000e-06,94
16,-,27,G,1.006000e-06,99
16,-,28,C,-1.863000e-06,118
16,-,29,G,-6.614000e-07,163
16,-,30,A,1.006000e-06,266
16,-,31,A,1.412000e-06,334
16,-,32,T,-4.776000e-06,387
16,-,33,C,-1.862000e-06,486
16,-,34,C,6.834720e-05,573
16,-,35,A,1.006000e-06,756
16,-,36,C,-3.065000e-06,828
16,-,37,G,1.771000e-06,906
16,-,38,G,-1.300000e-06,988
16,-,39,C,1.006000e-06,1032
16,-,40,A,-1.862000e-06,1096
16,-,41,G,-4.696000e-06,1311
16,-,42,G,1.478000e-06,1434
16,-,43,T,5.000000e-08,1490
16,-,44,G,-6.196000e-06,1573
16,-,45,C,-3.633000e-07,1900
16,-,46,G,6.834730e-05,2019
16,-,47,A,-3.633000e-07,2149
17,-,0,G,-3.270000e-06,1525
17,-,1,C,-1.375000e-06,1313
17,-,1,T,-6.730000e-07,1313
17,-,2,A,-3.855000e-07,1269
17,-,3,A,-5.945000e-06,1179
17,-,4,A,2.580000e-06,1013
17,-,5,A,-3.956000e-06,1009
17,-,6,G,-2.500000e-06,894
17,-,7,A,1.648000e-06,882
17,-,8,T,-3.854000e-07,474
17,-,9,A,-3.252000e-06,449
17,-,10,G,-3.659000e-07,444
17,-,11,A,1.068000e-06,305
17,-,12,-,7.251940e-05,5
17,-,13,-,7.251940e-05,4
17,-,14,-,7.251940e-05,3
17,-,15,-,7.251940e-05,2
17,-,16,-,7.251940e-05,1
17,-,17,-,-5.782640e-04,0
17,-,18,-,7.251930e-05,1
17,-,19,-,7.251940e-05,2
17,-,20,-,7.251940e-05,3
17,-,21,-,7.251930e-05,4
17,-,22,-,7.251930e-05,5
17,-,23,T,7.251930e-05,71
17,-,24,A,3.235000e-06,78
17,-,25,G,3.234000e-06,79
17,-,26,T,9.400000e-06,93
17,-,27,G,1.068000e-06,98
17,-,28,C,-1.976000e-06,117
17,-,29,G,-7.018000e-07,162
17,-,30,A,1.066000e-06,265
17,-,31,A,1.498000e-06,333
17,-,32,T,-5.068000e-06,386
17,-,33,C,-1.976000e-06,485
17,-,34,C,7.251930e-05,572
17,-,35,A,1.068000e-06,755
17,-,36,C,-3.252000e-06,827
17,-,37,G,1.879000e-06,905
17,-,38,G,-1.380000e-06,987
17,-,39,C,1.067000e-06,1031
17,-,40,A,-1.976000e-06,1095
17,-,41,G,-4.983000e-06,1310
17,-,42,G,1.568000e-06,1433
17,-,43,T,5.000000e-08,1489
17,-,44,G,-6.574000e-06,1572
17,-,45,C,-3.854000e-07,1899
17,-,46,G,7.251940e-05,2018
17,-,47,A,-3.855000e-07,2148
18,-,0,G,-3.270000e-06,1526
18,-,1,C,-1.375000e-06,1314
18,-,1,T,-6.730000e-07,1314
18,-,2,A,-3.855000e-07,1270
18,-,3,A,-5.945000e-06,1180
18,-,4,A,2.580000e-06,1014
18,-,5,A,-3.956000e-06,1010
18,-,6,G,-2.500000e-06,895
18,-,7,A,1.648000e-06,883
18,-,8,T,-3.854000e-07,475
18,-,9,A,-3.252000e-06,450
18,-,10,G,-3.659000e-07,445
18,-,11,A,1.068000e-06,306
18,-,12,-,7.251940e-05,6
18,-,13,-,7.251940e-05,5
18,-,14,-,7.251940e-05,4
18,-,15,-,7.251940e-05,3
18,-,16,-,7.251940e-05,2
18,-,17,-,7.251930e-05,1
18,-,18,-,-5.782640e-04,0
18,-,19,-,7.251940e-05,1
18,-,20,-,7.251940e-05,2
18,-,21,-,7.251930e-05,3
18,-,22,-,7.251930e-05,4
18,-,23,T,7.251930e-05,70
18,-,24,A,3.235000e-06,77
18,-,25,G,3.234000e-06,78
18,-,26,T,9.400000e-06,92
18,-,27,G,1.068000e-06,97
18,-,28,C,-1.976000e-06,116
18,-,29,G,-7.018000e-07,161
18,-,30,A,1.066000e-06,264
18,-,31,A,1.498000e-06,332
18,-,32,T,-5.068000e-06,385
18,-,33,C,-1.976000e-06,484
18,-,34,C,7.251930e-05,571
18,-,35,A,1.068000e-06,754
18,-,36,C,-3.252000e-06,826
18,-,37,G,1.879000e-06,904
18,-,38,G,-1.380000e-06,986
18,-,39,C,1.067000e-06,1030
18,-,40,A,-1.976000e-06,1094
18,-,41,G,-4.983000e-06,1309
18,-,42,G,1.568000e-06,1432
18,-,43,T,5.000000e-08,1488
18,-,44,G,-6.574000e-06,1571
18,-,45,C,-3.854000e-07,1898
18,-,46,G,7.251940e-05,2017
18,-,47,A,-3.855000e-07,2147
19,-,0,G,-3.082000e-06,1527
19,-,1,C,-1.295000e-06,1315
19,-,1,T,-6.340000e-07,1315
19,-,2,A,-3.633000e-07,1271
19,-,3,A,-5.603000e-06,1181
19,-,4,A,2.430000e-06,1015
19,-,5,A,-3.728000e-06,1011
19,-,6,G,-2.356000e-06,896
19,-,7,A,1.553000e-06,884
19,-,8,T,-3.633000e-07,476
19,-,9,A,-3.065000e-06,451
19,-,10,G,-3.448000e-07,446
19,-,11,A,1.006000e-06,307
19,-,12,-,6.834730e-05,7
19,-,13,-,6.834730e-05,6
19,-,14,-,6.834730e-05,5
19,-,15,-,6.834740e-05,4
19,-,16,-,6.834740e-05,3
19,-,17,-,6.834730e-05,2
19,-,18,-,6.834730e-05,1
19,-,19,-,-5.786592e-04,0
19,-,20,-,6.834740e-05,1
19,-,21,-,6.834730e-05,2
19,-,22,-,6.834730e-05,3
19,-,23,T,6.834720e-05,69
19,-,24,A,3.049000e-06,76
19,-,25,G,3.048000e-06,77
19,-,26,T,8.860000e-06,91
19,-,27,G,1.006000e-06,96
19,-,28,C,-1.863000e-06,115
19,-,29,G,-6.614000e-07,160
19,-,30,A,1.006000e-06,263
19,-,31,A,1.412000e-06,331
19,-,32,T,-4.776000e-06,384
19,-,33,C,-1.862000e-06,483
19,-,34,C,6.834720e-05,570
19,-,35,A,1.006000e-06,753
19,-,36,C,-3.065000e-06,825
19,-,37,G,1.771000e-06,903
19,-,38,G,-1.300000e-06,985
19,-,39,C,1.006000e-06,1029
19,-,40,A,-1.862000e-06,1093
19,-,41,G,-4.696000e-06,1308
19,-,42,G,1.478000e-06,1431
19,-,43,T,5.000000e-08,1487
19,-,44,G,-6.196000e-06,1570
19,-,45,C,-3.633000e-07,1897
19,-,46,G,6.834730e-05,2016
19,-,47,A,-3.633000e-07,2146
20,-,0,G,-3.082000e-06,1528
20,-,1,C,-1.295000e-06,1316
20,-,1,T,-6.340000e-07,1316
20,-,2,A,-3.633000e-07,1272
20,-,3,A,-5.603000e-06,1182
20,-,4,A,2.430000e-06,1016
20,-,5,A,-3.728000e-06,1012
20,-,6,G,-2.356000e-06,897
20,-,7,A,1.553000e-06,885
20,-,8,T,-3.633000e-07,477
20,-,9,A,-3.065000e-06,452
20,-,10,G,-3.448000e-07,447
20,-,11,A,1.006000e-06,308
20,-,12,-,6.834730e-05,8
20,-,13,-,6.834730e-05,7
20,-,14,-,6.834730e-05,6
20,-,15,-,6.834740e-05,5
20,-,16,-,6.834740e-05,4
20,-,17,-,6.834730e-05,3
20,-,18,-,6.834730e-05,2
20,-,19,-,6.834740e-05,1
20,-,20,-,-5.786592e-04,0
20,-,21,-,6.834730e-05,1
20,-,22,-,6.834730e-05,2
20,-,23,T,6.834720e-05,68
20,-,24,A,3.049000e-06,75
20,-,25,G,3.048000e-06,76
20,-,26,T,8.860000e-06,90
20,-,27,G,1.006000e-06,95
20,-,28,C,-1.863000e-06,114
20,-,29,G,-6.614000e-07,159
20,-,30,A,1.006000e-06,262
20,-,31,A,1.412000e-06,330
20,-,32,T,-4.776000e-06,383
20,-,33,C,-1.862000e-06,482
20,-,34,C,6.834720e-05,569
20,-,35,A,1.006000e-06,752
20,-,36,C,-3.065000e-06,824
20,-,37,G,1.771000e-06,902
20,-,38,G,-1.300000e-06,984
20,-,39,C,1.006000e-06,1028
20,-,40,A,-1.862000e-06,1092
20,-,41,G,-4.696000e-06,1307
20,-,42,G,1.478000e-06,1430
20,-,43,T,5.000000e-08,1486
20,-,44,G,-6.196000e-06,1569
20,-,45,C,-3.633000e-07,1896
20,-,46,G,6.834730e-05,2015
20,-,47,A,-3.633000e-07,2145
21,-,0,G,-3.270000e-06,1529
21,-,1,C,-1.375000e-06,1317
21,-,1,T,-6.730000e-07,1317
21,-,2,A,-3.855000e-07,1273
21,-,3,A,-5.945000e-06,1183
21,-,4,A,2.580000e-06,1017
21,-,5,A,-3.956000e-06,1013
21,-,6,G,-2.500000e-06,898
21,-,7,A,1.648000e-06,886
21,-,8,T,-3.854000e-07,478
21,-,9,A,-3.252000e-06,453
21,-,10,G,-3.659000e-07,448
21,-,11,A,1.068000e-06,309
21,-,12,-,7.251940e-05,9
21,-,13,-,7.251940e-05,8
21,-,14,-,7.251940e-05,7
21,-,15,-,7.251940e-05,6
21,-,16,-,7.251940e-05,5
21,-,17,-,7.251930e-05,4
21,-,18,-,7.251930e-05,3
21,-,19,-,7.251940e-05,2
21,-,20,-,7.251940e-05,1
21,-,21,-,-5.782640e-04,0
21,-,22,-,7.251930e-05,1
21,-,23,T,7.251930e-05,67
21,-,24,A,3.235000e-06,74
21,-,25,G,3.234000e-06,75
21,-,26,T,9.400000e-06,89
21,-,27,G,1.068000e-06,94
21,-,28,C,-1.976000e-06,113
21,-,29,G,-7.018000e-07,158
21,-,30,A,1.066000e-06,261
21,-,31,A,1.498000e-06,329
21,-,32,T,-5.068000e-06,382
21,-,33,C,-1.976000e-06,481
21,-,34,C,7.251930e-05,568
21,-,35,A,1.068000e-06,751
21,-,36,C,-3.252000e-06,823
21,-,37,G,1.879000e-06,901
21,-,38,G,-1.380000e-06,983
21,-,39,C,1.067000e-06,1027
21,-,40,A,-1.976000e-06,1091
21,-,41,G,-4.983000e-06,1306
21,-,42,G,1.568000e-06,1429
21,-,43,T,5.000000e-08,1485
21,-,44,G,-6.574000e-06,1568
21,-,45,C,-3.854000e-07,1895
21,-,46,G,7.251940e-05,2014
21,-,47,A,-3.855000e-07,2144
22,-,0,G,-3.216000e-06,1530
22,-,1,C,-1.354000e-06,1318
22,-,1,T,-6.630000e-07,1318
22,-,2,A,-3.792000e-07,1274
22,-,3,A,-5.848000e-06,1184
22,-,4,A,2.530000e-06,1018
22,-,5,A,-3.892000e-06,1014
22,-,6,G,-2.458000e-06,899
22,-,7,A,1.620000e-06,887
22,-,8,T,-3.792000e-07,479
22,-,9,A,-3.198000e-06,454
22,-,10,G,-3.599000e-07,449
22,-,11,A,1.050000e-06,310
22,-,12,-,7.132740e-05,10
22,-,13,-,7.132740e-05,9
22,-,14,-,7.132740e-05,8
22,-,15,-,7.132740e-05,7
22,-,16,-,7.132740e-05,6
22,-,17,-,7.132730e-05,5
22,-,18,-,7.132730e-05,4
22,-,19,-,7.132740e-05,3
22,-,20,-,7.132740e-05,2
22,-,21,-,7.132730e-05,1
22,-,22,-,-5.783769e-04,0
22,-,23,T,7.132730e-05,66
22,-,24,A,3.181000e-06,73
22,-,25,G,3.181000e-06,74
22,-,26,T,9.240000e-06,88
22,-,27,G,1.050000e-06,93
22,-,28,C,-1.944000e-06,112
22,-,29,G,-6.902000e-07,157
22,-,30,A,1.049000e-06,260
22,-,31,A,1.474000e-06,328
22,-,32,T,-4.984000e-06,381
22,-,33,C,-1.944000e-06,480
22,-,34,C,7.132730e-05,567
22,-,35,A,1.050000e-06,750
22,-,36,C,-3.198000e-06,822
22,-,37,G,1.848000e-06,900
22,-,38,G,-1.360000e-06,982
22,-,39,C,1.049000e-06,1026
22,-,40,A,-1.944000e-06,1090
22,-,41,G,-4.901000e-06,1305
22,-,42,G,1.542000e-06,1428
22,-,43,T,5.000000e-08,1484
22,-,44,G,-6.466000e-06,1567
22,-,45,C,-3.792000e-07,1894
22,-,46,G,7.132740e-05,2013
22,-,47,A,-3.792000e-07,2143
23,T,0,G,-4.278000e-06,1596
23,T,1,C,-1.809000e-06,1384
23,T,1,T,-8.910000e-07,1384
23,T,2,A,-5.043000e-07,1340
23,T,3,A,-7.777000e-06,1250
23,T,4,A,3.370000e-06,1084
23,T,5,A,-5.175000e-06,1080
23,T,6,G,-3.270000e-06,965
23,T,7,A,2.155000e-06,953
23,T,8,T,-5.042000e-07,545
23,T,9,A,-4.253000e-06,520
23,T,10,G,-4.786000e-07,515
23,T,11,A,1.396000e-06,376
23,T,12,-,9.485820e-05,76
23,T,13,-,9.485820e-05,75
23,T,14,-,9.485820e-05,74
23,T,15,-,9.485820e-05,73
23,T,16,-,9.485820e-05,72
23,T,17,-,9.485810e-05,71
23,T,18,-,9.485810e-05,70
23,T,19,-,9.485820e-05,69
23,T,20,-,9.485820e-05,68
23,T,21,-,9.485810e-05,67
23,T,22,-,9.485810e-05,66
23,T,23,T,-5.712249e-04,0
23,T,24,A,4.231000e-06,7
23,T,25,G,4.230000e-06,8
23,T,26,T,1.228000e-05,22
23,T,27,G,1.397000e-06,27
23,T,28,C,-2.586000e-06,46
23,T,29,G,-9.180000e-07,91
23,T,30,A,1.396000e-06,194
23,T,31,A,1.960000e-06,262
23,T,32,T,-6.630000e-06,315
23,T,33,C,-2.585000e-06,414
23,T,34,C,9.485820e-05,501
23,T,35,A,1.396000e-06,684
23,T,36,C,-4.253000e-06,756
23,T,37,G,2.457000e-06,834
23,T,38,G,-1.800000e-06,916
23,T,39,C,1.396000e-06,960
23,T,40,A,-2.585000e-06,1024
23,T,41,G,-6.517000e-06,1239
23,T,42,G,2.052000e-06,1362
23,T,43,T,6.000000e-08,1418
23,T,44,G,-8.598000e-06,1501
23,T,45,C,-5.042000e-07,1828
23,T,46,G,9.485820e-05,1947
23,T,47,A,-5.043000e-07,2077
24,A,0,G,1.694560e-04,1603
24,A,1,C,5.299100e-05,1391
24,A,1,T,7.474700e-05,1391
24,A,2,A,1.362525e-04,1347
24,A,3,A,7.970000e-05,1257
24,A,4,A,1.471800e-04,1091
24,A,5,A,-6.202400e-05,1087
24,A,6,G,-1.066860e-04,972
24,A,7,A,-3.216491e-03,960
24,A,8,T,1.362526e-04,552
24,A,9,A,4.358500e-05,527
24,A,10,G,4.203600e-06,522
24,A,11,A,4.146400e-05,383
24,A,12,-,-4.067100e-05,83
24,A,13,-,-4.067100e-05,82
24,A,14,-,-4.067100e-05,81
24,A,15,-,-4.067100e-05,80
24,A,16,-,-4.067100e-05,79
24,A,17,-,-4.067100e-05,78
24,A,18,-,-4.067100e-05,77
24,A,19,-,-4.067100e-05,76
24,A,20,-,-4.067100e-05,75
24,A,21,-,-4.067100e-05,74
24,A,22,-,-4.067100e-05,73
24,A,23,T,-4.067100e-05,7
24,A,24,A,1.173694e-02,0
24,A,25,G,-4.768838e-03,1
24,A,26,T,2.873600e-04,15
24,A,27,G,4.146500e-05,20
24,A,28,C,-5.178400e-05,39
24,A,29,G,2.480495e-04,84
24,A,30,A,5.179400e-05,187
24,A,31,A,4.138000e-05,255
24,A,32,T,-1.852800e-04,308
24,A,33,C,-5.178200e-05,407
24,A,34,C,-4.067100e-05,494
24,A,35,A,4.146400e-05,677
24,A,36,C,4.358500e-05,749
24,A,37,G,9.118200e-05,827
24,A,38,G,8.515000e-05,909
24,A,39,C,5.179400e-05,953
24,A,40,A,-5.178200e-05,1017
24,A,41,G,-1.305430e-04,1232
24,A,42,G,8.304000e-05,1355
24,A,43,T,2.029700e-04,1411
24,A,44,G,-1.297002e-03,1494
24,A,45,C,1.362526e-04,1821
24,A,46,G,-4.067100e-05,1940
24,A,47,A,1.362525e-04,2070
25,G,0,G,1.767640e-04,1604
25,G,1,C,5.528000e-05,1392
25,G,1,T,7.797400e-05,1392
25,G,2,A,1.421285e-04,1348
25,G,3,A,8.313700e-05,1258
25,G,4,A,1.535200e-04,1092
25,G,5,A,-6.469800e-05,1088
25,G,6,G,-1.112860e-04,973
25,G,7,A,-3.355204e-03,961
25,G,8,T,1.421286e-04,553
25,G,9,A,4.546500e-05,528
25,G,10,G,4.384900e-06,523
25,G,11,A,4.325400e-05,384
25,G,12,-,-4.242490e-05,84
25,G,13,-,-4.242490e-05,83
25,G,14,-,-4.242490e-05,82
25,G,15,-,-4.242480e-05,81
25,G,16,-,-4.242480e-05,80
25,G,17,-,-4.242490e-05,79
25,G,18,-,-4.242490e-05,78
25,G,19,-,-4.242480e-05,77
25,G,20,-,-4.242480e-05,76
25,G,21,-,-4.242490e-05,75
25,G,22,-,-4.242490e-05,74
25,G,23,T,-4.242500e-05,8
25,G,24,A,-4.974496e-03,1
25,G,25,G,1.171616e-02,0
25,G,26,T,2.997600e-04,14
25,G,27,G,4.325300e-05,19
25,G,28,C,-5.401600e-05,38
25,G,29,G,2.587468e-04,83
25,G,30,A,5.402600e-05,186
25,G,31,A,4.316400e-05,254
25,G,32,T,-1.932700e-04,307
25,G,33,C,-5.401600e-05,406
25,G,34,C,-4.242500e-05,493
25,G,35,A,4.325400e-05,676
25,G,36,C,4.546500e-05,748
25,G,37,G,9.511400e-05,826
25,G,38,G,8.882000e-05,908
25,G,39,C,5.402700e-05,952
25,G,40,A,-5.401600e-05,1016
25,G,41,G,-1.361730e-04,1231
25,G,42,G,8.662200e-05,1354
25,G,43,T,2.117200e-04,1410
25,G,44,G,-1.352936e-03,1493
25,G,45,C,1.421286e-04,1820
25,G,46,G,-4.242490e-05,1939
25,G,47,A,1.421285e-04,2069
26,T,0,G,-8.282186e-03,1618
26,T,1,C,-3.373655e-03,1406
26,T,1,T,-7.554260e-04,1406
26,T,2,A,6.984853e-04,1362
26,T,3,A,-1.491835e-02,1272
26,T,4,A,1.087003e-02,1106
26,T,5,A,-1.362276e-02,1102
26,T,6,G,2.551336e-03,987
26,T,7,A,3.989837e-03,975
26,T,8,T,6.984854e-04,567
26,T,9,A,-8.158473e-03,542
26,T,10,G,-1.074699e-03,537
26,T,11,A,4.135761e-03,398
26,T,12,-,-1.537123e-03,98
26,T,13,-,-1.537123e-03,97
26,T,14,-,-1.537123e-03,96
26,T,15,-,-1.537123e-03,95
26,T,16,-,-1.537123e-03,94
26,T,17,-,-1.537123e-03,93
26,T,18,-,-1.537123e-03,92
26,T,19,-,-1.537123e-03,91
26,T,20,-,-1.537123e-03,90
26,T,21,-,-1.537123e-03,89
26,T,22,-,-1.537123e-03,88
26,T,23,T,-1.537123e-03,22
26,T,24,A,3.741572e-03,15
26,T,25,G,3.741571e-03,14
26,T,26,T,3.586917e-02,0
26,T,27,G,4.135761e-03,5
26,T,28,C,-7.191452e-03,24
26,T,29,G,1.271602e-03,69
26,T,30,A,4.327052e-03,172
26,T,31,A,5.492409e-03,240
26,T,32,T,-7.002452e-03,293
26,T,33,C,-7.191452e-03,392
26,T,34,C,-1.537123e-03,479
26,T,35,A,4.135761e-03,662
26,T,36,C,-8.158473e-03,734
26,T,37,G,7.617684e-03,812
26,T,38,G,-2.752720e-03,894
26,T,39,C,4.327052e-03,938
26,T,40,A,-7.191452e-03,1002
26,T,41,G,-1.812935e-02,1217
26,T,42,G,6.487582e-03,1340
26,T,43,T,1.326274e-02,1396
26,T,44,G,4.679027e-03,1479
26,T,45,C,6.984854e-04,1806
26,T,46,G,-1.537123e-03,1925
26,T,47,A,6.984853e-04,2055
27,G,0,G,-3.679400e-05,1623
27,G,1,C,-6.205810e-04,1411
27,G,1,T,3.181740e-04,1411
27,G,2,A,3.195700e-06,1367
27,G,3,A,-5.424700e-05,1277
27,G,4,A,-2.352900e-04,1111
27,G,5,A,3.366800e-05,1107
27,G,6,G,1.261400e-05,992
27,G,7,A,2.059300e-05,980
27,G,8,T,3.195800e-06,572
27,G,9,A,-2.966700e-05,547
27,G,10,G,-4.971713e-04,542
27,G,11,A,-1.782392e-03,403
27,G,12,-,-6.584600e-06,103
27,G,13,-,-6.584600e-06,102
27,G,14,-,-6.584600e-06,101
27,G,15,-,-6.584600e-06,100
27,G,16,-,-6.584600e-06,99
27,G,17,-,-6.584700e-06,98
27,G,18,-,-6.584700e-06,97
27,G,19,-,-6.584600e-06,96
27,G,20,-,-6.584600e-06,95
27,G,21,-,-6.584700e-06,94
27,G,22,-,-6.584700e-06,93
27,G,23,T,-6.584700e-06,27
27,G,24,A,2.033800e-05,20
27,G,25,G,2.033800e-05,19
27,G,26,T,1.558000e-04,5
27,G,27,G,6.214232e-03,0
27,G,28,C,1.692320e-04,19
27,G,29,G,5.818000e-06,64
27,G,30,A,9.487000e-05,167
27,G,31,A,7.091620e-04,235
27,G,32,T,-2.999800e-05,288
27,G,33,C,1.692320e-04,387
27,G,34,C,-6.584700e-06,474
27,G,35,A,-1.782392e-03,657
27,G,36,C,-2.966700e-05,729
27,G,37,G,1.670180e-04,807
27,G,38,G,-2.016200e-04,889
27,G,39,C,9.487000e-05,933
27,G,40,A,1.692320e-04,997
27,G,41,G,4.266270e-04,1212
27,G,42,G,7.230300e-04,1335
27,G,43,T,7.018000e-05,1391
27,G,44,G,2.484700e-05,1474
27,G,45,C,3.195800e-06,1801
27,G,46,G,-6.584600e-06,1920
27,G,47,A,3.195700e-06,2050
28,C,0,G,-6.828800e-05,1642
28,C,1,C,4.738700e-05,1430
28,C,1,T,2.172410e-04,1430
28,C,2,A,5.661500e-06,1386
28,C,3,A,-1.356490e-04,1296
28,C,4,A,5.056000e-05,1130
28,C,5,A,1.258560e-04,1126
28,C,6,G,1.969200e-05,1011
28,C,7,A,2.988000e-05,999
28,C,8,T,5.661600e-06,591
28,C,9,A,-7.418300e-05,566
28,C,10,G,4.391015e-04,561
28,C,11,A,-1.795140e-04,422
28,C,12,-,-1.293020e-05,122
28,C,13,-,-1.293020e-05,121
28,C,14,-,-1.293020e-05,120
28,C,15,-,-1.293020e-05,119
28,C,16,-,-1.293020e-05,118
28,C,17,-,-1.293030e-05,117
28,C,18,-,-1.293030e-05,116
28,C,19,-,-1.293020e-05,115
28,C,20,-,-1.293020e-05,114
28,C,21,-,-1.293030e-05,113
28,C,22,-,-1.293020e-05,112
28,C,23,T,-1.293020e-05,46
28,C,24,A,2.694300e-05,39
28,C,25,G,2.694200e-05,38
28,C,26,T,2.873700e-04,24
28,C,27,G,-1.795130e-04,19
28,C,28,C,-5.093820e-03,0
28,C,29,G,1.030700e-05,45
28,C,30,A,-1.407520e-04,148
28,C,31,A,-2.799000e-05,216
28,C,32,T,-5.890500e-05,269
28,C,33,C,2.102997e-03,368
28,C,34,C,-1.293020e-05,455
28,C,35,A,-1.795140e-04,638
28,C,36,C,-7.418300e-05,710
28,C,37,G,-2.477890e-04,788
28,C,38,G,1.764200e-04,870
28,C,39,C,-1.407520e-04,914
28,C,40,A,2.102996e-03,978
28,C,41,G,-8.002510e-04,1193
28,C,42,G,-5.582760e-04,1316
28,C,43,T,9.751000e-05,1372
28,C,44,G,3.431000e-05,1455
28,C,45,C,5.661600e-06,1782
28,C,46,G,-1.293020e-05,1901
28,C,47,A,5.661500e-06,2031
29,G,0,G,3.070300e-05,1687
29,G,1,C,-6.030000e-07,1475
29,G,1,T,1.170000e-07,1475
29,G,2,A,1.830780e-05,1431
29,G,3,A,-2.102000e-06,1341
29,G,4,A,3.210000e-06,1175
29,G,5,A,-3.546000e-06,1171
29,G,6,G,6.580000e-06,1056
29,G,7,A,5.104800e-05,1044
29,G,8,T,1.830780e-05,636
29,G,9,A,-1.150000e-06,611
29,G,10,G,-2.440000e-07,606
29,G,11,A,1.166000e-06,467
29,G,12,-,8.678000e-07,167
29,G,13,-,8.678000e-07,166
29,G,14,-,8.678000e-07,165
29,G,15,-,8.678000e-07,164
29,G,16,-,8.678000e-07,163
29,G,17,-,8.677000e-07,162
29,G,18,-,8.677000e-07,161
29,G,19,-,8.678000e-07,160
29,G,20,-,8.678000e-07,159
29,G,21,-,8.677000e-07,158
29,G,22,-,8.677000e-07,157
29,G,23,T,8.678000e-07,91
29,G,24,A,2.438900e-05,84
29,G,25,G,2.438800e-05,83
29,G,26,T,9.600000e-06,69
29,G,27,G,1.166000e-06,64
29,G,28,C,-1.948000e-06,45
29,G,29,G,1.567401e-03,0
29,G,30,A,1.252000e-06,103
29,G,31,A,1.494000e-06,171
29,G,32,T,3.952000e-06,224
29,G,33,C,-1.947000e-06,323
29,G,34,C,8.678000e-07,410
29,G,35,A,1.166000e-06,593
29,G,36,C,-1.150000e-06,665
29,G,37,G,2.206000e-06,743
29,G,38,G,-3.400000e-07,825
29,G,39,C,1.253000e-06,869
29,G,40,A,-1.948000e-06,933
29,G,41,G,-4.910000e-06,1148
29,G,42,G,1.900000e-06,1271
29,G,43,T,8.800000e-06,1327
29,G,44,G,-9.780700e-05,1410
29,G,45,C,1.830780e-05,1737
29,G,46,G,8.678000e-07,1856
29,G,47,A,1.830780e-05,1986
30,A,0,G,-5.530200e-05,1790
30,A,1,C,-2.517800e-04,1578
30,A,1,T,-6.678420e-04,1578
30,A,2,A,4.955300e-06,1534
30,A,3,A,-6.184700e-05,1444
30,A,4,A,-7.387100e-04,1278
30,A,5,A,1.256260e-04,1274
30,A,6,G,2.105400e-05,1159
30,A,7,A,3.565000e-05,1147
30,A,8,T,4.955400e-06,739
30,A,9,A,-3.382300e-05,714
30,A,10,G,1.340250e-03,709
30,A,11,A,1.368800e-04,570
30,A,12,-,-9.498000e-06,270
30,A,13,-,-9.498000e-06,269
30,A,14,-,-9.498000e-06,268
30,A,15,-,-9.498000e-06,267
30,A,16,-,-9.498000e-06,266
30,A,17,-,-9.498100e-06,265
30,A,18,-,-9.498100e-06,264
30,A,19,-,-9.498000e-06,263
30,A,20,-,-9.498000e-06,262
30,A,21,-,-9.498100e-06,261
30,A,22,-,-9.498000e-06,260
30,A,23,T,-9.498000e-06,194
30,A,24,A,3.665400e-05,187
30,A,25,G,3.665300e-05,186
30,A,26,T,2.351800e-04,172
30,A,27,G,1.368800e-04,167
30,A,28,C,1.914460e-04,148
30,A,29,G,9.021300e-06,103
30,A,30,A,8.238288e-03,0
30,A,31,A,-1.529860e-04,68
30,A,32,T,-4.327000e-05,121
30,A,33,C,1.914460e-04,220
30,A,34,C,-9.498000e-06,307
30,A,35,A,1.368800e-04,490
30,A,36,C,-3.382300e-05,562
30,A,37,G,1.680707e-03,640
30,A,38,G,-6.130800e-04,722
30,A,39,C,-3.759666e-03,766
30,A,40,A,1.914460e-04,830
30,A,41,G,4.826260e-04,1045
30,A,42,G,6.549220e-04,1168
30,A,43,T,1.239200e-04,1224
30,A,44,G,4.399400e-05,1307
30,A,45,C,4.955400e-06,1634
30,A,46,G,-9.498000e-06,1753
30,A,47,A,4.955300e-06,1883
31,A,0,G,-4.886200e-05,1858
31,A,1,C,-9.626050e-04,1646
31,A,1,T,1.082599e-03,1646
31,A,2,A,4.073700e-06,1602
31,A,3,A,-9.412400e-05,1512
31,A,4,A,-8.279700e-04,1346
31,A,5,A,9.079600e-04,1342
31,A,6,G,1.440200e-05,1227
31,A,7,A,2.208000e-05,1215
31,A,8,T,4.073800e-06,807
31,A,9,A,-5.147400e-05,782
31,A,10,G,-5.368733e-04,777
31,A,11,A,7.052760e-04,638
31,A,12,-,-9.192400e-06,338
31,A,13,-,-9.192400e-06,337
31,A,14,-,-9.192400e-06,336
31,A,15,-,-9.192400e-06,335
31,A,16,-,-9.192400e-06,334
31,A,17,-,-9.192500e-06,333
31,A,18,-,-9.192500e-06,332
31,A,19,-,-9.192400e-06,331
31,A,20,-,-9.192400e-06,330
31,A,21,-,-9.192500e-06,329
31,A,22,-,-9.192400e-06,328
31,A,23,T,-9.192400e-06,262
31,A,24,A,2.018600e-05,255
31,A,25,G,2.018500e-05,254
31,A,26,T,2.057800e-04,240
31,A,27,G,7.052760e-04,235
31,A,28,C,2.624000e-05,216
31,A,29,G,7.416200e-06,171
31,A,30,A,-1.054520e-04,68
31,A,31,A,4.988624e-03,0
31,A,32,T,-4.187800e-05,53
31,A,33,C,2.624200e-05,152
31,A,34,C,-9.192400e-06,239
31,A,35,A,7.052760e-04,422
31,A,36,C,-5.147400e-05,494
31,A,37,G,-1.856470e-04,572
31,A,38,G,7.998000e-05,654
31,A,39,C,-1.054520e-04,698
31,A,40,A,2.624200e-05,762
31,A,41,G,6.615300e-05,977
31,A,42,G,-4.265840e-04,1100
31,A,43,T,7.252000e-05,1156
31,A,44,G,2.554100e-05,1239
31,A,45,C,4.073800e-06,1566
31,A,46,G,-9.192400e-06,1685
31,A,47,A,4.073700e-06,1815
32,T,0,G,-8.617000e-05,1911
32,T,1,C,-3.645300e-05,1699
32,T,1,T,-1.794200e-05,1699
32,T,2,A,-1.016010e-05,1655
32,T,3,A,-1.566880e-04,1565
32,T,4,A,6.801000e-05,1399
32,T,5,A,-1.042800e-04,1395
32,T,6,G,-6.587600e-05,1280
32,T,7,A,4.343200e-05,1268
32,T,8,T,-1.016000e-05,860
32,T,9,A,-8.568900e-05,835
32,T,10,G,-9.642100e-06,830
32,T,11,A,2.813800e-05,691
32,T,12,-,-2.931560e-05,391
32,T,13,-,-2.931560e-05,390
32,T,14,-,-2.931560e-05,389
32,T,15,-,-2.931560e-05,388
32,T,16,-,-2.931560e-05,387
32,T,17,-,-2.931570e-05,386
32,T,18,-,-2.931570e-05,385
32,T,19,-,-2.931560e-05,384
32,T,20,-,-2.931560e-05,383
32,T,21,-,-2.931570e-05,382
32,T,22,-,-2.931560e-05,381
32,T,23,T,-2.931560e-05,315
32,T,24,A,8.524300e-05,308
32,T,25,G,8.524300e-05,307
32,T,26,T,2.474400e-04,293
32,T,27,G,2.813700e-05,288
32,T,28,C,-5.208800e-05,269
32,T,29,G,-1.849640e-05,224
32,T,30,A,2.812800e-05,121
32,T,31,A,3.949600e-05,53
32,T,32,T,-4.349952e-03,0
32,T,33,C,-5.208700e-05,99
32,T,34,C,-2.931560e-05,186
32,T,35,A,2.813800e-05,369
32,T,36,C,-8.568900e-05,441
32,T,37,G,4.952100e-05,519
32,T,38,G,-3.628000e-05,601
32,T,39,C,2.812900e-05,645
32,T,40,A,-5.208700e-05,709
32,T,41,G,-1.313100e-04,924
32,T,42,G,4.133800e-05,1047
32,T,43,T,1.420000e-06,1103
32,T,44,G,-1.732340e-04,1186
32,T,45,C,-1.016000e-05,1513
32,T,46,G,-2.931560e-05,1632
32,T,47,A,-1.016010e-05,1762
33,C,0,G,-6.231800e-05,2010
33,C,1,C,4.324600e-05,1798
33,C,1,T,1.982510e-04,1798
33,C,2,A,5.166600e-06,1754
33,C,3,A,-1.237900e-04,1664
33,C,4,A,4.614000e-05,1498
33,C,5,A,1.148540e-04,1494
33,C,6,G,1.797000e-05,1379
33,C,7,A,2.726800e-05,1367
33,C,8,T,5.166600e-06,959
33,C,9,A,-6.769800e-05,934
33,C,10,G,4.007135e-04,929
33,C,11,A,-1.638200e-04,790
33,C,12,-,-1.179980e-05,490
33,C,13,-,-1.179980e-05,489
33,C,14,-,-1.179980e-05,488
33,C,15,-,-1.179980e-05,487
33,C,16,-,-1.179980e-05,486
33,C,17,-,-1.179980e-05,485
33,C,18,-,-1.179980e-05,484
33,C,19,-,-1.179980e-05,483
33,C,20,-,-1.179980e-05,482
33,C,21,-,-1.179980e-05,481
33,C,22,-,-1.179980e-05,480
33,C,23,T,-1.179980e-05,414
33,C,24,A,2.458700e-05,407
33,C,25,G,2.458600e-05,406
33,C,26,T,2.622400e-04,392
33,C,27,G,-1.638190e-04,387
33,C,28,C,1.919144e-03,368
33,C,29,G,9.406000e-06,323
33,C,30,A,-1.284460e-04,220
33,C,31,A,-2.554200e-05,152
33,C,32,T,-5.375600e-05,99
33,C,33,C,-5.132713e-03,0
33,C,34,C,-1.179980e-05,87
33,C,35,A,-1.638200e-04,270
33,C,36,C,-6.769800e-05,342
33,C,37,G,-2.261270e-04,420
33,C,38,G,1.609900e-04,502
33,C,39,C,-1.284460e-04,546
33,C,40,A,1.919144e-03,610
33,C,41,G,-7.302890e-04,825
33,C,42,G,-5.094680e-04,948
33,C,43,T,8.898000e-05,1004
33,C,44,G,3.131000e-05,1087
33,C,45,C,5.166600e-06,1414
33,C,46,G,-1.179980e-05,1533
33,C,47,A,5.166600e-06,1663
34,C,0,G,-3.962000e-06,2097
34,C,1,C,-1.672000e-06,1885
34,C,1,T,-8.220000e-07,1885
34,C,2,A,-4.671000e-07,1841
34,C,3,A,-7.203000e-06,1751
34,C,4,A,3.120000e-06,1585
34,C,5,A,-4.794000e-06,1581
34,C,6,G,-3.028000e-06,1466
34,C,7,A,1.996000e-06,1454
34,C,8,T,-4.670000e-07,1046
34,C,9,A,-3.940000e-06,1021
34,C,10,G,-4.433000e-07,1016
34,C,11,A,1.294000e-06,877
34,C,12,-,8.786330e-05,577
34,C,13,-,8.786330e-05,576
34,C,14,-,8.786330e-05,575
34,C,15,-,8.786340e-05,574
34,C,16,-,8.786340e-05,573
34,C,17,-,8.786330e-05,572
34,C,18,-,8.786330e-05,571
34,C,19,-,8.786340e-05,570
34,C,20,-,8.786340e-05,569
34,C,21,-,8.786330e-05,568
34,C,22,-,8.786330e-05,567
34,C,23,T,8.786330e-05,501
34,C,24,A,3.919000e-06,494
34,C,25,G,3.918000e-06,493
34,C,26,T,1.138000e-05,479
34,C,27,G,1.294000e-06,474
34,C,28,C,-2.394000e-06,455
34,C,29,G,-8.502000e-07,410
34,C,30,A,1.292000e-06,307
34,C,31,A,1.816000e-06,239
34,C,32,T,-6.140000e-06,186
34,C,33,C,-2.394000e-06,87
34,C,34,C,-5.712249e-04,0
34,C,35,A,1.294000e-06,183
34,C,36,C,-3.940000e-06,255
34,C,37,G,2.276000e-06,333
34,C,38,G,-1.680000e-06,415
34,C,39,C,1.292000e-06,459
34,C,40,A,-2.394000e-06,523
34,C,41,G,-6.037000e-06,738
34,C,42,G,1.900000e-06,861
34,C,43,T,6.000000e-08,917
34,C,44,G,-7.964000e-06,1000
34,C,45,C,-4.670000e-07,1327
34,C,46,G,8.786340e-05,1446
34,C,47,A,-4.671000e-07,1576
35,A,0,G,-3.264400e-05,2280
35,A,1,C,-5.506150e-04,2068
35,A,1,T,2.822940e-04,2068
35,A,2,A,2.835500e-06,2024
35,A,3,A,-4.813100e-05,1934
35,A,4,A,-2.087600e-04,1768
35,A,5,A,2.987200e-05,1764
35,A,6,G,1.119200e-05,1649
35,A,7,A,1.827100e-05,1637
35,A,8,T,2.835500e-06,1229
35,A,9,A,-2.632200e-05,1204
35,A,10,G,-4.411143e-04,1199
35,A,11,A,-1.581424e-03,1060
35,A,12,-,-5.842200e-06,760
35,A,13,-,-5.842200e-06,759
35,A,14,-,-5.842200e-06,758
35,A,15,-,-5.842200e-06,757
35,A,16,-,-5.842200e-06,756
35,A,17,-,-5.842300e-06,755
35,A,18,-,-5.842300e-06,754
35,A,19,-,-5.842200e-06,753
35,A,20,-,-5.842200e-06,752
35,A,21,-,-5.842300e-06,751
35,A,22,-,-5.842300e-06,750
35,A,23,T,-5.842200e-06,684
35,A,24,A,1.804500e-05,677
35,A,25,G,1.804500e-05,676
35,A,26,T,1.382400e-04,662
35,A,27,G,-1.581425e-03,657
35,A,28,C,1.501500e-04,638
35,A,29,G,5.162000e-06,593
35,A,30,A,8.417400e-05,490
35,A,31,A,6.292020e-04,422
35,A,32,T,-2.661600e-05,369
35,A,33,C,1.501520e-04,270
35,A,34,C,-5.842200e-06,183
35,A,35,A,6.214232e-03,0
35,A,36,C,-2.632200e-05,72
35,A,37,G,1.481860e-04,150
35,A,38,G,-1.788800e-04,232
35,A,39,C,8.417400e-05,276
35,A,40,A,1.501520e-04,340
35,A,41,G,3.785240e-04,555
35,A,42,G,6.415070e-04,678
35,A,43,T,6.226000e-05,734
35,A,44,G,2.204600e-05,817
35,A,45,C,2.835500e-06,1144
35,A,46,G,-5.842200e-06,1263
35,A,47,A,2.835500e-06,1393
36,C,0,G,9.313200e-05,2352
36,C,1,C,1.220100e-04,2140
36,C,1,T,9.485200e-05,2140
36,C,2,A,-3.746500e-06,2096
36,C,3,A,4.058870e-04,2006
36,C,4,A,-5.170000e-05,1840
36,C,5,A,1.962620e-04,1836
36,C,6,G,8.676000e-06,1721
36,C,7,A,1.164800e-05,1709
36,C,8,T,-3.746400e-06,1301
36,C,9,A,-3.853680e-03,1276
36,C,10,G,2.525170e-05,1271
36,C,11,A,-3.527600e-05,1132
36,C,12,-,2.384550e-05,832
36,C,13,-,2.384550e-05,831
36,C,14,-,2.384550e-05,830
36,C,15,-,2.384560e-05,829
36,C,16,-,2.384560e-05,828
36,C,17,-,2.384550e-05,827
36,C,18,-,2.384550e-05,826
36,C,19,-,2.384560e-05,825
36,C,20,-,2.384560e-05,824
36,C,21,-,2.384550e-05,823
36,C,22,-,2.384550e-05,822
36,C,23,T,2.384540e-05,756
36,C,24,A,2.542200e-05,749
36,C,25,G,2.542100e-05,748
36,C,26,T,-3.654400e-04,734
36,C,27,G,-3.527600e-05,729
36,C,28,C,8.315900e-05,710
36,C,29,G,-6.820400e-06,665
36,C,30,A,-2.787600e-05,562
36,C,31,A,-6.154600e-05,494
36,C,32,T,1.086280e-04,441
36,C,33,C,8.316000e-05,342
36,C,34,C,2.384540e-05,255
36,C,35,A,-3.527600e-05,72
36,C,36,C,5.967688e-03,0
36,C,37,G,-4.907500e-05,78
36,C,38,G,1.445600e-04,160
36,C,39,C,-2.787600e-05,204
36,C,40,A,8.316000e-05,268
36,C,41,G,2.096410e-04,483
36,C,42,G,-3.601000e-05,606
36,C,43,T,9.150000e-05,662
36,C,44,G,5.666000e-05,745
36,C,45,C,-3.746400e-06,1072
36,C,46,G,2.384550e-05,1191
36,C,47,A,-3.746500e-06,1321
37,G,0,G,-2.332120e-04,2430
37,G,1,C,-1.061783e-03,2218
37,G,1,T,-2.816346e-03,2218
37,G,2,A,2.089690e-05,2174
37,G,3,A,-2.608150e-04,2084
37,G,4,A,-3.115190e-03,1918
37,G,5,A,5.297700e-04,1914
37,G,6,G,8.878600e-05,1799
37,G,7,A,1.503390e-04,1787
37,G,8,T,2.089700e-05,1379
37,G,9,A,-1.426340e-04,1354
37,G,10,G,5.651929e-03,1349
37,G,11,A,5.772340e-04,1210
37,G,12,-,-4.005380e-05,910
37,G,13,-,-4.005380e-05,909
37,G,14,-,-4.005380e-05,908
37,G,15,-,-4.005380e-05,907
37,G,16,-,-4.005380e-05,906
37,G,17,-,-4.005390e-05,905
37,G,18,-,-4.005390e-05,904
37,G,19,-,-4.005380e-05,903
37,G,20,-,-4.005380e-05,902
37,G,21,-,-4.005390e-05,901
37,G,22,-,-4.005380e-05,900
37,G,23,T,-4.005380e-05,834
37,G,24,A,1.545730e-04,827
37,G,25,G,1.545720e-04,826
37,G,26,T,9.917800e-04,812
37,G,27,G,5.772340e-04,807
37,G,28,C,8.073400e-04,788
37,G,29,G,3.804320e-05,743
37,G,30,A,4.025986e-03,640
37,G,31,A,-6.451500e-04,572
37,G,32,T,-1.824680e-04,519
37,G,33,C,8.073400e-04,420
37,G,34,C,-4.005380e-05,333
37,G,35,A,5.772340e-04,150
37,G,36,C,-1.426340e-04,78
37,G,37,G,1.378183e-02,0
37,G,38,G,-2.585420e-03,82
37,G,39,C,4.025986e-03,126
37,G,40,A,8.073400e-04,190
37,G,41,G,2.035269e-03,405
37,G,42,G,2.761855e-03,528
37,G,43,T,5.226000e-04,584
37,G,44,G,1.855300e-04,667
37,G,45,C,2.089700e-05,994
37,G,46,G,-4.005380e-05,1113
37,G,47,A,2.089690e-05,1243
38,G,0,G,1.185480e-04,2512
38,G,1,C,-9.072892e-03,2300
38,G,1,T,-9.132044e-03,2300
38,G,2,A,-4.031300e-06,2256
38,G,3,A,9.867380e-04,2166
38,G,4,A,-6.665370e-03,2000
38,G,5,A,-5.471262e-03,1996
38,G,6,G,4.575400e-05,1881
38,G,7,A,1.273500e-04,1869
38,G,8,T,-4.031300e-06,1461
38,G,9,A,5.396220e-04,1436
38,G,10,G,-1.458836e-03,1431
38,G,11,A,-8.949000e-04,1292
38,G,12,-,3.767710e-05,992
38,G,13,-,3.767710e-05,991
38,G,14,-,3.767710e-05,990
38,G,15,-,3.767720e-05,989
38,G,16,-,3.767720e-05,988
38,G,17,-,3.767710e-05,987
38,G,18,-,3.767710e-05,986
38,G,19,-,3.767720e-05,985
38,G,20,-,3.767720e-05,984
38,G,21,-,3.767710e-05,983
38,G,22,-,3.767710e-05,982
38,G,23,T,3.767700e-05,916
38,G,24,A,1.853960e-04,909
38,G,25,G,1.853950e-04,908
38,G,26,T,-4.602600e-04,894
38,G,27,G,-8.949000e-04,889
38,G,28,C,-7.382100e-04,870
38,G,29,G,-7.339000e-06,825
38,G,30,A,-1.886098e-03,722
38,G,31,A,3.569960e-04,654
38,G,32,T,1.716400e-04,601
38,G,33,C,-7.382080e-04,502
38,G,34,C,3.767700e-05,415
38,G,35,A,-8.949000e-04,232
38,G,36,C,5.396220e-04,160
38,G,37,G,-3.320436e-03,82
38,G,38,G,2.187043e-02,0
38,G,39,C,-1.886098e-03,44
38,G,40,A,-7.382080e-04,108
38,G,41,G,-1.860994e-03,323
38,G,42,G,-3.435996e-03,446
38,G,43,T,5.343000e-04,502
38,G,44,G,1.941180e-04,585
38,G,45,C,-4.031300e-06,912
38,G,46,G,3.767710e-05,1031
38,G,47,A,-4.031300e-06,1161
39,C,0,G,-6.139000e-05,2556
39,C,1,C,-2.795010e-04,2344
39,C,1,T,-7.413680e-04,2344
39,C,2,A,5.500900e-06,2300
39,C,3,A,-6.865600e-05,2210
39,C,4,A,-8.200400e-04,2044
39,C,5,A,1.394560e-04,2040
39,C,6,G,2.337200e-05,1925
39,C,7,A,3.957400e-05,1913
39,C,8,T,5.500900e-06,1505
39,C,9,A,-3.754700e-05,1480
39,C,10,G,1.487798e-03,1475
39,C,11,A,1.519500e-04,1336
39,C,12,-,-1.054360e-05,1036
39,C,13,-,-1.054360e-05,1035
39,C,14,-,-1.054360e-05,1034
39,C,15,-,-1.054360e-05,1033
39,C,16,-,-1.054360e-05,1032
39,C,17,-,-1.054370e-05,1031
39,C,18,-,-1.054370e-05,1030
39,C,19,-,-1.054360e-05,1029
39,C,20,-,-1.054360e-05,1028
39,C,21,-,-1.054370e-05,1027
39,C,22,-,-1.054360e-05,1026
39,C,23,T,-1.054360e-05,960
39,C,24,A,4.068900e-05,953
39,C,25,G,4.068900e-05,952
39,C,26,T,2.610800e-04,938
39,C,27,G,1.519500e-04,933
39,C,28,C,2.125220e-04,914
39,C,29,G,1.001440e-05,869
39,C,30,A,-4.173568e-03,766
39,C,31,A,-1.698280e-04,698
39,C,32,T,-4.803300e-05,645
39,C,33,C,2.125220e-04,546
39,C,34,C,-1.054360e-05,459
39,C,35,A,1.519500e-04,276
39,C,36,C,-3.754700e-05,204
39,C,37,G,1.865736e-03,126
39,C,38,G,-6.805800e-04,44
39,C,39,C,8.211777e-03,0
39,C,40,A,2.125220e-04,64
39,C,41,G,5.357580e-04,279
39,C,42,G,7.270220e-04,402
39,C,43,T,1.375600e-04,458
39,C,44,G,4.883800e-05,541
39,C,45,C,5.500900e-06,868
39,C,46,G,-1.054360e-05,987
39,C,47,A,5.500900e-06,1117
40,A,0,G,-7.140200e-05,2620
40,A,1,C,4.954600e-05,2408
40,A,1,T,2.271450e-04,2408
40,A,2,A,5.919700e-06,2364
40,A,3,A,-1.418340e-04,2274
40,A,4,A,5.286000e-05,2108
40,A,5,A,1.315960e-04,2104
40,A,6,G,2.058900e-05,1989
40,A,7,A,3.124200e-05,1977
40,A,8,T,5.919800e-06,1569
40,A,9,A,-7.756600e-05,1544
40,A,10,G,4.591231e-04,1539
40,A,11,A,-1.876980e-04,1400
40,A,12,-,-1.351970e-05,1100
40,A,13,-,-1.351970e-05,1099
40,A,14,-,-1.351970e-05,1098
40,A,15,-,-1.351960e-05,1097
40,A,16,-,-1.351960e-05,1096
40,A,17,-,-1.351970e-05,1095
40,A,18,-,-1.351970e-05,1094
40,A,19,-,-1.351960e-05,1093
40,A,20,-,-1.351960e-05,1092
40,A,21,-,-1.351970e-05,1091
40,A,22,-,-1.351970e-05,1090
40,A,23,T,-1.351980e-05,1024
40,A,24,A,2.817100e-05,1017
40,A,25,G,2.817000e-05,1016
40,A,26,T,3.004800e-04,1002
40,A,27,G,-1.876980e-04,997
40,A,28,C,2.198886e-03,978
40,A,29,G,1.077700e-05,933
40,A,30,A,-1.471700e-04,830
40,A,31,A,-2.926600e-05,762
40,A,32,T,-6.159000e-05,709
40,A,33,C,2.198887e-03,610
40,A,34,C,-1.351980e-05,523
40,A,35,A,-1.876980e-04,340
40,A,36,C,-7.756600e-05,268
40,A,37,G,-2.590880e-04,190
40,A,38,G,1.844600e-04,108
40,A,39,C,-1.471690e-04,64
40,A,40,A,-5.106202e-03,0
40,A,41,G,-8.367390e-04,215
40,A,42,G,-5.837300e-04,338
40,A,43,T,1.019600e-04,394
40,A,44,G,3.587400e-05,477
40,A,45,C,5.919800e-06,804
40,A,46,G,-1.351970e-05,923
40,A,47,A,5.919700e-06,1053
41,G,0,G,-6.400540e-04,2835
41,G,1,C,4.441390e-04,2623
41,G,1,T,2.036159e-03,2623
41,G,2,A,5.306490e-05,2579
41,G,3,A,-1.271412e-03,2489
41,G,4,A,4.739000e-04,2323
41,G,5,A,1.179624e-03,2319
41,G,6,G,1.845600e-04,2204
41,G,7,A,2.800640e-04,2192
41,G,8,T,5.306500e-05,1784
41,G,9,A,-6.953030e-04,1759
41,G,10,G,4.115622e-03,1754
41,G,11,A,-1.682546e-03,1615
41,G,12,-,-1.211925e-04,1315
41,G,13,-,-1.211925e-04,1314
41,G,14,-,-1.211925e-04,1313
41,G,15,-,-1.211924e-04,1312
41,G,16,-,-1.211924e-04,1311
41,G,17,-,-1.211925e-04,1310
41,G,18,-,-1.211925e-04,1309
41,G,19,-,-1.211924e-04,1308
41,G,20,-,-1.211924e-04,1307
41,G,21,-,-1.211925e-04,1306
41,G,22,-,-1.211925e-04,1305
41,G,23,T,-1.211926e-04,1239
41,G,24,A,2.525270e-04,1232
41,G,25,G,2.525260e-04,1231
41,G,26,T,2.693420e-03,1217
41,G,27,G,-1.682547e-03,1212
41,G,28,C,-2.975300e-03,1193
41,G,29,G,9.660540e-05,1148
41,G,30,A,-1.319234e-03,1045
41,G,31,A,-2.623340e-04,977
41,G,32,T,-5.521000e-04,924
41,G,33,C,-2.975300e-03,825
41,G,34,C,-1.211926e-04,738
41,G,35,A,-1.682546e-03,555
41,G,36,C,-6.953030e-04,483
41,G,37,G,-2.322485e-03,405
41,G,38,G,1.653523e-03,323
41,G,39,C,-1.319234e-03,279
41,G,40,A,-2.975300e-03,215
41,G,41,G,-1.421339e-02,0
41,G,42,G,-5.232618e-03,123
41,G,43,T,9.139600e-04,179
41,G,44,G,3.215800e-04,262
41,G,45,C,5.306500e-05,589
41,G,46,G,-1.211925e-04,708
41,G,47,A,5.306490e-05,838
42,G,0,G,-2.426150e-04,2958
42,G,1,C,-3.317928e-03,2746
42,G,1,T,-1.593286e-03,2746
42,G,2,A,2.202590e-05,2702
42,G,3,A,-2.342170e-04,2612
42,G,4,A,1.331470e-03,2446
42,G,5,A,-4.605621e-03,2442
42,G,6,G,9.631600e-05,2327
42,G,7,A,1.652560e-04,2315
42,G,8,T,2.202600e-05,1907
42,G,9,A,-1.280880e-04,1882
42,G,10,G,-3.968391e-03,1877
42,G,11,A,3.058120e-03,1738
42,G,12,-,-4.091640e-05,1438
42,G,13,-,-4.091640e-05,1437
42,G,14,-,-4.091640e-05,1436
42,G,15,-,-4.091640e-05,1435
42,G,16,-,-4.091640e-05,1434
42,G,17,-,-4.091650e-05,1433
42,G,18,-,-4.091650e-05,1432
42,G,19,-,-4.091640e-05,1431
42,G,20,-,-4.091640e-05,1430
42,G,21,-,-4.091650e-05,1429
42,G,22,-,-4.091650e-05,1428
42,G,23,T,-4.091640e-05,1362
42,G,24,A,1.722760e-04,1355
42,G,25,G,1.722750e-04,1354
42,G,26,T,1.033680e-03,1340
42,G,27,G,3.058119e-03,1335
42,G,28,C,2.226038e-03,1316
42,G,29,G,4.009860e-05,1271
42,G,30,A,1.919906e-03,1168
42,G,31,A,-1.814216e-03,1100
42,G,32,T,-1.863980e-04,1047
42,G,33,C,2.226040e-03,948
42,G,34,C,-4.091640e-05,861
42,G,35,A,3.058120e-03,678
42,G,36,C,-1.280880e-04,606
42,G,37,G,3.379956e-03,528
42,G,38,G,-3.274160e-03,446
42,G,39,C,1.919907e-03,402
42,G,40,A,2.226040e-03,338
42,G,41,G,5.611755e-03,123
42,G,42,G,1.295568e-02,0
42,G,43,T,5.784400e-04,56
42,G,44,G,2.055440e-04,139
42,G,45,C,2.202600e-05,466
42,G,46,G,-4.091640e-05,585
42,G,47,A,2.202590e-05,715
43,T,0,G,-1.980820e-03,3014
43,T,1,C,1.525326e-03,2802
43,T,1,T,2.332289e-03,2802
43,T,2,A,5.155313e-04,2758
43,T,3,A,3.006344e-03,2668
43,T,4,A,5.150150e-03,2502
43,T,5,A,-2.578414e-03,2498
43,T,6,G,2.887100e-03,2383
43,T,7,A,2.483766e-03,2371
43,T,8,T,5.155313e-04,1963
43,T,9,A,1.644094e-03,1938
43,T,10,G,8.458470e-05,1933
43,T,11,A,1.499386e-03,1794
43,T,12,-,-7.079400e-06,1494
43,T,13,-,-7.079400e-06,1493
43,T,14,-,-7.079400e-06,1492
43,T,15,-,-7.079400e-06,1491
43,T,16,-,-7.079400e-06,1490
43,T,17,-,-7.079500e-06,1489
43,T,18,-,-7.079500e-06,1488
43,T,19,-,-7.079400e-06,1487
43,T,20,-,-7.079400e-06,1486
43,T,21,-,-7.079500e-06,1485
43,T,22,-,-7.079500e-06,1484
43,T,23,T,-7.079400e-06,1418
43,T,24,A,2.126970e-03,1411
43,T,25,G,2.126969e-03,1410
43,T,26,T,1.067388e-02,1396
43,T,27,G,1.499386e-03,1391
43,T,28,C,-1.963954e-03,1372
43,T,29,G,9.385313e-04,1327
43,T,30,A,1.835032e-03,1224
43,T,31,A,1.557934e-03,1156
43,T,32,T,-3.225200e-05,1103
43,T,33,C,-1.963954e-03,1004
43,T,34,C,-7.079400e-06,917
43,T,35,A,1.499386e-03,734
43,T,36,C,1.644094e-03,662
43,T,37,G,3.230536e-03,584
43,T,38,G,2.571734e-03,502
43,T,39,C,1.835032e-03,458
43,T,40,A,-1.963954e-03,394
43,T,41,G,-4.951047e-03,179
43,T,42,G,2.921784e-03,56
43,T,43,T,3.578803e-02,0
43,T,44,G,7.124452e-03,83
43,T,45,C,5.155313e-04,410
43,T,46,G,-7.079400e-06,529
43,T,47,A,5.155313e-04,659
44,G,0,G,-2.601070e-03,3097
44,G,1,C,1.268030e-04,2885
44,G,1,T,1.914650e-04,2885
44,G,2,A,-1.300285e-03,2841
44,G,3,A,4.227190e-04,2751
44,G,4,A,4.158900e-04,2585
44,G,5,A,-2.037190e-04,2581
44,G,6,G,1.129894e-03,2466
44,G,7,A,-4.609459e-03,2454
44,G,8,T,-1.300285e-03,2046
44,G,9,A,2.311740e-04,2021
44,G,10,G,7.519500e-06,2016
44,G,11,A,1.205480e-04,1877
44,G,12,-,1.966850e-04,1577
44,G,13,-,1.966850e-04,1576
44,G,14,-,1.966850e-04,1575
44,G,15,-,1.966850e-04,1574
44,G,16,-,1.966850e-04,1573
44,G,17,-,1.966849e-04,1572
44,G,18,-,1.966849e-04,1571
44,G,19,-,1.966850e-04,1570
44,G,20,-,1.966850e-04,1569
44,G,21,-,1.966849e-04,1568
44,G,22,-,1.966850e-04,1567
44,G,23,T,1.966850e-04,1501
44,G,24,A,-3.086424e-03,1494
44,G,25,G,-3.086424e-03,1493
44,G,26,T,8.551400e-04,1479
44,G,27,G,1.205480e-04,1474
44,G,28,C,-1.569220e-04,1455
44,G,29,G,-2.367185e-03,1410
44,G,30,A,1.479360e-04,1307
44,G,31,A,1.245960e-04,1239
44,G,32,T,8.960080e-04,1186
44,G,33,C,-1.569220e-04,1087
44,G,34,C,1.966850e-04,1000
44,G,35,A,1.205480e-04,817
44,G,36,C,2.311740e-04,745
44,G,37,G,2.604390e-04,667
44,G,38,G,2.121700e-04,585
44,G,39,C,1.479360e-04,541
44,G,40,A,-1.569220e-04,477
44,G,41,G,-3.955950e-04,262
44,G,42,G,2.357700e-04,139
44,G,43,T,1.617870e-03,83
44,G,44,G,1.321870e-02,0
44,G,45,C,-1.300285e-03,327
44,G,46,G,1.966850e-04,446
44,G,47,A,-1.300285e-03,576
45,C,0,G,7.288000e-06,3424
45,C,1,C,-1.450000e-07,3212
45,C,1,T,2.600000e-08,3212
45,C,2,A,-9.409890e-05,3168
45,C,3,A,-4.990000e-07,3078
45,C,4,A,7.600000e-07,2912
45,C,5,A,-8.420000e-07,2908
45,C,6,G,1.562000e-06,2793
45,C,7,A,1.211800e-05,2781
45,C,8,T,-9.409890e-05,2373
45,C,9,A,-2.730000e-07,2348
45,C,10,G,-5.790000e-08,2343
45,C,11,A,2.780000e-07,2204
45,C,12,-,2.060000e-07,1904
45,C,13,-,2.060000e-07,1903
45,C,14,-,2.060000e-07,1902
45,C,15,-,2.060000e-07,1901
45,C,16,-,2.060000e-07,1900
45,C,17,-,2.059000e-07,1899
45,C,18,-,2.059000e-07,1898
45,C,19,-,2.060000e-07,1897
45,C,20,-,2.060000e-07,1896
45,C,21,-,2.059000e-07,1895
45,C,22,-,2.060000e-07,1894
45,C,23,T,2.060000e-07,1828
45,C,24,A,5.790000e-06,1821
45,C,25,G,5.789000e-06,1820
45,C,26,T,2.280000e-06,1806
45,C,27,G,2.770000e-07,1801
45,C,28,C,-4.620000e-07,1782
45,C,29,G,7.912000e-06,1737
45,C,30,A,2.960000e-07,1634
45,C,31,A,3.540000e-07,1566
45,C,32,T,9.380000e-07,1513
45,C,33,C,-4.620000e-07,1414
45,C,34,C,2.060000e-07,1327
45,C,35,A,2.780000e-07,1144
45,C,36,C,-2.730000e-07,1072
45,C,37,G,5.230000e-07,994
45,C,38,G,-8.000000e-08,912
45,C,39,C,2.970000e-07,868
45,C,40,A,-4.620000e-07,804
45,C,41,G,-1.166000e-06,589
45,C,42,G,4.520000e-07,466
45,C,43,T,2.080000e-06,410
45,C,44,G,-2.321800e-05,327
45,C,45,C,1.388007e-03,0
45,C,46,G,2.060000e-07,119
45,C,47,A,-9.409890e-05,249
46,G,0,G,-2.848000e-06,3543
46,G,1,C,-1.205000e-06,3331
46,G,1,T,-5.940000e-07,3331
46,G,2,A,-3.359000e-07,3287
46,G,3,A,-5.179000e-06,3197
46,G,4,A,2.250000e-06,3031
46,G,5,A,-3.446000e-06,3027
46,G,6,G,-2.178000e-06,2912
46,G,7,A,1.435000e-06,2900
46,G,8,T,-3.358000e-07,2492
46,G,9,A,-2.833000e-06,2467
46,G,10,G,-3.187000e-07,2462
46,G,11,A,9.300000e-07,2323
46,G,12,-,6.317390e-05,2023
46,G,13,-,6.317390e-05,2022
46,G,14,-,6.317390e-05,2021
46,G,15,-,6.317400e-05,2020
46,G,16,-,6.317400e-05,2019
46,G,17,-,6.317390e-05,2018
46,G,18,-,6.317390e-05,2017
46,G,19,-,6.317400e-05,2016
46,G,20,-,6.317400e-05,2015
46,G,21,-,6.317390e-05,2014
46,G,22,-,6.317390e-05,2013
46,G,23,T,6.317380e-05,1947
46,G,24,A,2.818000e-06,1940
46,G,25,G,2.817000e-06,1939
46,G,26,T,8.180000e-06,1925
46,G,27,G,9.300000e-07,1920
46,G,28,C,-1.722000e-06,1901
46,G,29,G,-6.114000e-07,1856
46,G,30,A,9.290000e-07,1753
46,G,31,A,1.304000e-06,1685
46,G,32,T,-4.416000e-06,1632
46,G,33,C,-1.721000e-06,1533
46,G,34,C,6.317380e-05,1446
46,G,35,A,9.300000e-07,1263
46,G,36,C,-2.833000e-06,1191
46,G,37,G,1.637000e-06,1113
46,G,38,G,-1.200000e-06,1031
46,G,39,C,9.290000e-07,987
46,G,40,A,-1.722000e-06,923
46,G,41,G,-4.340000e-06,708
46,G,42,G,1.366000e-06,585
46,G,43,T,4.000000e-08,529
46,G,44,G,-5.726000e-06,446
46,G,45,C,-3.358000e-07,119
46,G,46,G,-5.726931e-04,0
46,G,47,A,-3.359000e-07,130
47,A,0,G,3.924000e-06,3673
47,A,1,C,-7.600000e-08,3461
47,A,1,T,1.500000e-08,3461
47,A,2,A,-5.066130e-05,3417
47,A,3,A,-2.690000e-07,3327
47,A,4,A,4.100000e-07,3161
47,A,5,A,-4.520000e-07,3157
47,A,6,G,8.420000e-07,3042
47,A,7,A,6.524000e-06,3030
47,A,8,T,-5.066120e-05,2622
47,A,9,A,-1.470000e-07,2597
47,A,10,G,-3.120000e-08,2592
47,A,11,A,1.500000e-07,2453
47,A,12,-,1.110000e-07,2153
47,A,13,-,1.110000e-07,2152
47,A,14,-,1.110000e-07,2151
47,A,15,-,1.110000e-07,2150
47,A,16,-,1.110000e-07,2149
47,A,17,-,1.109000e-07,2148
47,A,18,-,1.109000e-07,2147
47,A,19,-,1.110000e-07,2146
47,A,20,-,1.110000e-07,2145
47,A,21,-,1.109000e-07,2144
47,A,22,-,1.109000e-07,2143
47,A,23,T,1.110000e-07,2077
47,A,24,A,3.117000e-06,2070
47,A,25,G,3.116000e-06,2069
47,A,26,T,1.240000e-06,2055
47,A,27,G,1.490000e-07,2050
47,A,28,C,-2.500000e-07,2031
47,A,29,G,4.259800e-06,1986
47,A,30,A,1.600000e-07,1883
47,A,31,A,1.900000e-07,1815
47,A,32,T,5.040000e-07,1762
47,A,33,C,-2.480000e-07,1663
47,A,34,C,1.110000e-07,1576
47,A,35,A,1.500000e-07,1393
47,A,36,C,-1.470000e-07,1321
47,A,37,G,2.820000e-07,1243
47,A,38,G,-4.000000e-08,1161
47,A,39,C,1.600000e-07,1117
47,A,40,A,-2.480000e-07,1053
47,A,41,G,-6.280000e-07,838
47,A,42,G,2.440000e-07,715
47,A,43,T,1.120000e-06,659
47,A,44,G,-1.250000e-05,576
47,A,45,C,-5.066120e-05,249
47,A,46,G,1.110000e-07,130
47,A,47,A,1.386539e-03,0
