polymorphic_index,alignment_index,HXB2_index,nonsynonymous,nucleotide,TF,consensus,epitope,exposed,flanking,glycan,f_at_0,f_at_8,f_at_12,f_at_22,f_at_29,f_at_56,f_at_85,f_at_302,s_MPL,s_SL
0,0,5041.0,1,-,A,A,,False,0,0,0.043477999999999996,0.0,0.0,0.0,0.0,0.0,0.0,0.0,-0.00059946283,-0.017267017000000003
0,0,5041.0,0,A,A,A,,False,0,0,0.95652,1.0,1.0,1.0,1.0,1.0,1.0,1.0,0.0,0.0
1,1,5042.0,1,-,T,T,,False,0,0,0.043477999999999996,0.0,0.0,0.0,0.0,0.0,0.0,0.0,-0.0011065305300000002,-0.017757519
1,1,5042.0,0,T,T,T,,False,0,0,0.95652,1.0,1.0,1.0,1.0,1.0,1.0,1.0,0.0,0.0
2,2,5043.0,2,-,G,G,,False,0,0,0.043477999999999996,0.0,0.0,0.0,0.0,0.0,0.0,0.0,-0.00123329753,-0.017880144
2,2,5043.0,0,G,G,G,,False,0,0,0.95652,1.0,1.0,1.0,1.0,1.0,1.0,1.0,0.0,0.0
3,3,5044.0,2,-,G,G,,False,0,0,0.043477999999999996,0.0,0.0,0.0,0.0,0.0,0.0,0.0,-0.00123329753,-0.017880144
3,3,5044.0,0,G,G,G,,False,0,0,0.95652,1.0,1.0,1.0,1.0,1.0,1.0,1.0,0.0,0.0
4,4,5045.0,2,-,A,A,,False,0,0,0.043477999999999996,0.0,0.0,0.0,0.0,0.0,0.0,0.0,-0.00059946283,-0.017267017000000003
4,4,5045.0,0,A,A,A,,False,0,0,0.95652,1.0,1.0,1.0,1.0,1.0,1.0,1.0,0.0,0.0
5,5,5046.0,2,-,A,A,,False,0,0,0.043477999999999996,0.0,0.0,0.0,0.0,0.0,0.0,0.0,-0.00059946283,-0.017267017000000003
5,5,5046.0,0,A,A,A,,False,0,0,0.95652,1.0,1.0,1.0,1.0,1.0,1.0,1.0,0.0,0.0
6,6,5047.0,2,-,A,A,,False,0,0,0.043477999999999996,0.0,0.0,0.0,0.0,0.0,0.0,0.0,-0.00059946283,-0.017267017000000003
6,6,5047.0,0,A,A,A,,False,0,0,0.95652,1.0,1.0,1.0,1.0,1.0,1.0,1.0,0.0,0.0
7,7,5048.0,2,-,A,A,,False,0,0,0.043477999999999996,0.0,0.0,0.0,0.0,0.0,0.0,0.0,-0.00059946283,-0.017267017000000003
7,7,5048.0,0,A,A,A,,False,0,0,0.95652,1.0,1.0,1.0,1.0,1.0,1.0,1.0,0.0,0.0
8,8,5049.0,2,-,C,C,,False,0,0,0.043477999999999996,0.0,0.0,0.0,0.0,0.0,0.0,0.0,-0.00119707853,-0.017845108
8,8,5049.0,0,C,C,C,,False,0,0,0.95652,1.0,1.0,1.0,1.0,1.0,1.0,1.0,0.0,0.0
9,9,5050.0,2,-,A,A,,False,0,0,0.043477999999999996,0.0,0.0,0.0,0.0,0.0,0.0,0.0,-0.00059946283,-0.017267017000000003
9,9,5050.0,0,A,A,A,,False,0,0,0.95652,1.0,1.0,1.0,1.0,1.0,1.0,1.0,0.0,0.0
10,10,5051.0,2,-,G,G,,False,0,0,0.043477999999999996,0.0,0.0,0.0,0.0,0.0,0.0,0.0,-0.00123329753,-0.017880144
10,10,5051.0,0,G,G,G,,False,0,0,0.95652,1.0,1.0,1.0,1.0,1.0,1.0,1.0,0.0,0.0
11,11,5052.0,2,-,A,A,,False,0,0,0.043477999999999996,0.0,0.0,0.0,0.0,0.0,0.0,0.0,-0.00059946283,-0.017267017000000003
11,11,5052.0,0,A,A,A,,False,0,0,0.95652,1.0,1.0,1.0,1.0,1.0,1.0,1.0,0.0,0.0
12,12,5053.0,2,-,T,T,,False,0,0,0.043477999999999996,0.0,0.0,0.0,0.0,0.0,0.0,0.0,-0.0011065305300000002,-0.017757519
12,12,5053.0,0,T,T,T,,False,0,0,0.95652,1.0,1.0,1.0,1.0,1.0,1.0,1.0,0.0,0.0
13,13,5054.0,2,-,G,G,,False,0,0,0.043477999999999996,0.0,0.0,0.0,0.0,0.0,0.0,0.0,-0.00123329753,-0.017880144
13,13,5054.0,0,G,G,G,,False,0,0,0.95652,1.0,1.0,1.0,1.0,1.0,1.0,1.0,0.0,0.0
14,14,5055.0,2,-,G,G,,False,0,0,0.043477999999999996,0.0,0.0,0.0,0.0,0.0,0.0,0.0,-0.00123329753,-0.017880144
14,14,5055.0,0,G,G,G,,False,0,0,0.95652,1.0,1.0,1.0,1.0,1.0,1.0,1.0,0.0,0.0
15,15,5056.0,2,-,C,C,,False,0,0,0.043477999999999996,0.0,0.0,0.0,0.0,0.0,0.0,0.0,-0.00119707853,-0.017845108
15,15,5056.0,0,C,C,C,,False,0,0,0.95652,1.0,1.0,1.0,1.0,1.0,1.0,1.0,0.0,0.0
16,16,5057.0,2,-,A,A,,False,0,0,0.043477999999999996,0.0,0.0,0.0,0.0,0.0,0.0,0.0,-0.00059946283,-0.017267017000000003
16,16,5057.0,0,A,A,A,,False,0,0,0.95652,1.0,1.0,1.0,1.0,1.0,1.0,1.0,0.0,0.0
17,17,5058.0,2,-,G,G,,False,0,0,0.043477999999999996,0.0,0.0,0.0,0.0,0.0,0.0,0.0,-0.00123329753,-0.017880144
17,17,5058.0,0,G,G,G,,False,0,0,0.95652,1.0,1.0,1.0,1.0,1.0,1.0,1.0,0.0,0.0
18,18,5059.0,2,-,G,G,,False,0,0,0.043477999999999996,0.0,0.0,0.0,0.0,0.0,0.0,0.0,-0.00123329753,-0.017880144
18,18,5059.0,0,G,G,G,,False,0,0,0.95652,1.0,1.0,1.0,1.0,1.0,1.0,1.0,0.0,0.0
19,19,5060.0,2,-,T,T,,False,0,0,0.043477999999999996,0.0,0.0,0.0,0.0,0.0,0.0,0.0,-0.0011065305300000002,-0.017757519
19,19,5060.0,0,T,T,T,,False,0,0,0.95652,1.0,1.0,1.0,1.0,1.0,1.0,1.0,0.0,0.0
20,20,5061.0,2,-,G,G,,False,0,0,0.043477999999999996,0.0,0.0,0.0,0.0,0.0,0.0,0.0,-0.00123329753,-0.017880144
20,20,5061.0,0,G,G,G,,False,0,0,0.95652,1.0,1.0,1.0,1.0,1.0,1.0,1.0,0.0,0.0
21,21,5062.0,2,-,C,C,,False,0,0,0.043477999999999996,0.0,0.0,0.0,0.0,0.0,0.0,0.0,-0.00119707853,-0.017845108
21,21,5062.0,0,C,C,C,,False,0,0,0.95652,1.0,1.0,1.0,1.0,1.0,1.0,1.0,0.0,0.0
22,22,5063.0,2,-,T,T,,False,0,0,0.043477999999999996,0.0,0.0,0.0,0.0,0.0,0.0,0.0,-0.0011065305300000002,-0.017757519
22,22,5063.0,0,T,T,T,,False,0,0,0.95652,1.0,1.0,1.0,1.0,1.0,1.0,1.0,0.0,0.0
23,23,5064.0,2,-,G,G,,False,0,0,0.043477999999999996,0.0,0.0,0.0,0.0,0.0,0.0,0.0,-0.00123329753,-0.017880144
23,23,5064.0,0,G,G,G,,False,0,0,0.95652,1.0,1.0,1.0,1.0,1.0,1.0,1.0,0.0,0.0
24,24,5065.0,2,-,A,A,,False,0,0,0.043477999999999996,0.0,0.0,0.0,0.0,0.0,0.0,0.0,-0.00059946283,-0.017267017000000003
24,24,5065.0,0,A,A,A,,False,0,0,0.95652,1.0,1.0,1.0,1.0,1.0,1.0,1.0,0.0,0.0
25,25,5066.0,2,-,T,T,,False,0,0,0.043477999999999996,0.0,0.0,0.0,0.0,0.0,0.0,0.0,-0.0011065305300000002,-0.017757519
25,25,5066.0,0,T,T,T,,False,0,0,0.95652,1.0,1.0,1.0,1.0,1.0,1.0,1.0,0.0,0.0
26,26,5067.0,2,-,T,T,,False,0,0,0.043477999999999996,0.0,0.0,0.0,0.0,0.0,0.0,0.0,-0.0011065305300000002,-0.017757519
26,26,5067.0,0,T,T,T,,False,0,0,0.95652,1.0,1.0,1.0,1.0,1.0,1.0,1.0,0.0,0.0
27,27,5068.0,2,-,G,G,,False,0,0,0.043477999999999996,0.0,0.0,0.0,0.0,0.0,0.0,0.0,-0.00123329753,-0.017880144
27,27,5068.0,0,G,G,G,,False,0,0,0.95652,1.0,1.0,1.0,1.0,1.0,1.0,1.0,0.0,0.0
28,28,5069.0,2,-,T,T,,False,0,0,0.043477999999999996,0.0,0.0,0.0,0.0,0.0,0.0,0.0,-0.0011065305300000002,-0.017757519
28,28,5069.0,0,T,T,T,,False,0,0,0.95652,1.0,1.0,1.0,1.0,1.0,1.0,1.0,0.0,0.0
29,29,5070.0,2,-,G,G,,False,0,0,0.043477999999999996,0.0,0.0,0.0,0.0,0.0,0.0,0.0,-0.00123329753,-0.017880144
29,29,5070.0,0,G,G,G,,False,0,0,0.95652,1.0,1.0,1.0,1.0,1.0,1.0,1.0,0.0,0.0
30,30,5071.0,2,-,T,T,,False,0,0,0.043477999999999996,0.0,0.0,0.0,0.0,0.0,0.0,0.0,-0.0011065305300000002,-0.017757519
30,30,5071.0,0,T,T,T,,False,0,0,0.95652,1.0,1.0,1.0,1.0,1.0,1.0,1.0,0.0,0.0
31,31,5072.0,2,-,G,G,,False,0,0,0.043477999999999996,0.0,0.0,0.0,0.0,0.0,0.0,0.0,-0.00123329753,-0.017880144
31,31,5072.0,0,G,G,G,,False,0,0,0.95652,1.0,1.0,1.0,1.0,1.0,1.0,1.0,0.0,0.0
32,32,5073.0,2,-,G,G,,False,0,0,0.043477999999999996,0.0,0.0,0.0,0.0,0.0,0.0,0.0,-0.00123329753,-0.017880144
32,32,5073.0,0,G,G,G,,False,0,0,0.95652,1.0,1.0,1.0,1.0,1.0,1.0,1.0,0.0,0.0
33,33,5074.0,2,-,C,C,,False,0,0,0.043477999999999996,0.0,0.0,0.0,0.0,0.0,0.0,0.0,-0.00119707853,-0.017845108
33,33,5074.0,0,C,C,C,,False,0,0,0.95652,1.0,1.0,1.0,1.0,1.0,1.0,1.0,0.0,0.0
34,34,5075.0,2,-,A,A,,False,0,0,0.043477999999999996,0.0,0.0,0.0,0.0,0.0,0.0,0.0,-0.00059946283,-0.017267017000000003
34,34,5075.0,0,A,A,A,,False,0,0,0.95652,1.0,1.0,1.0,1.0,1.0,1.0,1.0,0.0,0.0
35,35,5076.0,2,-,G,G,,False,0,0,0.043477999999999996,0.0,0.0,0.0,0.0,0.0,0.0,0.0,-0.00123329753,-0.017880144
35,35,5076.0,0,G,G,G,,False,0,0,0.95652,1.0,1.0,1.0,1.0,1.0,1.0,1.0,0.0,0.0
36,36,5077.0,2,-,G,G,,False,0,0,0.043477999999999996,0.0,0.0,0.0,0.0,0.0,0.0,0.0,-0.00123329753,-0.017880144
36,36,5077.0,0,G,G,G,,False,0,0,0.95652,1.0,1.0,1.0,1.0,1.0,1.0,1.0,0.0,0.0
37,37,5078.0,2,-,T,T,,False,0,0,0.043477999999999996,0.0,0.0,0.0,0.0,0.0,0.0,0.0,-0.0011065305300000002,-0.017757519
37,37,5078.0,0,T,T,T,,False,0,0,0.95652,1.0,1.0,1.0,1.0,1.0,1.0,1.0,0.0,0.0
38,38,5079.0,2,-,A,A,,False,0,0,0.043477999999999996,0.0,0.0,0.0,0.0,0.0,0.0,0.0,-0.00059946283,-0.017267017000000003
38,38,5079.0,0,A,A,A,,False,0,0,0.95652,1.0,1.0,1.0,1.0,1.0,1.0,1.0,0.0,0.0
39,39,5080.0,2,-,G,G,,False,0,0,0.043477999999999996,0.0,0.0,0.0,0.0,0.0,0.0,0.0,-0.00123329753,-0.017880144
39,39,5080.0,0,G,G,G,,False,0,0,0.95652,1.0,1.0,1.0,1.0,1.0,1.0,1.0,0.0,0.0
40,40,5081.0,2,-,A,A,,False,0,0,0.043477999999999996,0.0,0.0,0.0,0.0,0.0,0.0,0.0,-0.00059946283,-0.017267017000000003
40,40,5081.0,0,A,A,A,,False,0,0,0.95652,1.0,1.0,1.0,1.0,1.0,1.0,1.0,0.0,0.0
41,41,5082.0,2,-,C,C,,False,0,0,0.043477999999999996,0.0,0.0,0.0,0.0,0.0,0.0,0.0,-0.00119707853,-0.017845108
41,41,5082.0,0,C,C,C,,False,0,0,0.95652,1.0,1.0,1.0,1.0,1.0,1.0,1.0,0.0,0.0
42,42,5083.0,2,-,A,A,,False,0,0,0.043477999999999996,0.0,0.0,0.0,0.0,0.0,0.0,0.0,-0.00059946283,-0.017267017000000003
42,42,5083.0,0,A,A,A,,False,0,0,0.95652,1.0,1.0,1.0,1.0,1.0,1.0,1.0,0.0,0.0
43,43,5084.0,2,-,G,G,,False,0,0,0.043477999999999996,0.0,0.0,0.0,0.0,0.0,0.0,0.0,-0.00123329753,-0.017880144
43,43,5084.0,0,G,G,G,,False,0,0,0.95652,1.0,1.0,1.0,1.0,1.0,1.0,1.0,0.0,0.0
44,44,5085.0,2,-,G,G,,False,0,0,0.043477999999999996,0.0,0.0,0.0,0.0,0.0,0.0,0.0,-0.00123329753,-0.017880144
44,44,5085.0,0,G,G,G,,False,0,0,0.95652,1.0,1.0,1.0,1.0,1.0,1.0,1.0,0.0,0.0
45,45,5086.0,2,-,A,A,,False,0,0,0.043477999999999996,0.0,0.0,0.0,0.0,0.0,0.0,0.0,-0.00059946283,-0.017267017000000003
45,45,5086.0,0,A,A,A,,False,0,0,0.95652,1.0,1.0,1.0,1.0,1.0,1.0,1.0,0.0,0.0
46,46,5087.0,2,-,T,T,,False,0,0,0.043477999999999996,0.0,0.0,0.0,0.0,0.0,0.0,0.0,-0.0011065305300000002,-0.017757519
46,46,5087.0,0,T,T,T,,False,0,0,0.95652,1.0,1.0,1.0,1.0,1.0,1.0,1.0,0.0,0.0
47,47,5088.0,2,-,G,G,,False,0,0,0.043477999999999996,0.0,0.0,0.0,0.0,0.0,0.0,0.0,-0.00123329753,-0.017880144
47,47,5088.0,0,G,G,G,,False,0,0,0.95652,1.0,1.0,1.0,1.0,1.0,1.0,1.0,0.0,0.0
48,48,5089.0,2,-,A,A,,False,0,0,0.043477999999999996,0.0,0.0,0.0,0.0,0.0,0.0,0.0,-0.00059946283,-0.017267017000000003
48,48,5089.0,0,A,A,A,,False,0,0,0.95652,1.0,1.0,1.0,1.0,1.0,1.0,1.0,0.0,0.0
49,49,5090.0,2,-,A,A,,False,0,0,0.043477999999999996,0.0,0.0,0.0,0.0,0.0,0.0,0.0,0.00600541147,-0.01475104
49,49,5090.0,0,A,A,A,,False,0,0,0.95652,1.0,1.0,1.0,1.0,0.9230799999999999,1.0,1.0,0.0,0.0
49,49,5090.0,1,G,A,A,,False,0,0,0.0,0.0,0.0,0.0,0.0,0.076923,0.0,0.0,0.012318653,-0.0065891693
50,50,5091.0,2,-,G,G,,False,0,0,0.043477999999999996,0.0,0.0,0.0,0.0,0.0,0.0,0.0,-0.00086761113,-0.006604917000000001
50,50,5091.0,1,A,G,G,,False,0,0,0.0,0.0,0.0,0.0,0.0,0.0,0.0,0.07142899999999999,-0.0013981997,0.007200649999999999
50,50,5091.0,0,G,G,G,,False,0,0,0.95652,1.0,1.0,1.0,1.0,1.0,1.0,0.9285700000000001,0.0,0.0
51,51,5092.0,2,-,A,A,,False,0,0,0.043477999999999996,0.0,0.0,0.0,0.0,0.0,0.0,0.0,-0.00059946283,-0.017267017000000003
51,51,5092.0,0,A,A,A,,False,0,0,0.95652,1.0,1.0,1.0,1.0,1.0,1.0,1.0,0.0,0.0
52,52,5093.0,2,-,T,T,,False,0,0,0.043477999999999996,0.0,0.0,0.0,0.0,0.0,0.0,0.0,-0.0011065305300000002,-0.017757519
52,52,5093.0,0,T,T,T,,False,0,0,0.95652,1.0,1.0,1.0,1.0,1.0,1.0,1.0,0.0,0.0
53,53,5094.0,2,-,T,T,,False,0,0,0.043477999999999996,0.0,0.0,0.0,0.0,0.0,0.0,0.0,-0.0011065305300000002,-0.017757519
53,53,5094.0,0,T,T,T,,False,0,0,0.95652,1.0,1.0,1.0,1.0,1.0,1.0,1.0,0.0,0.0
54,54,5095.0,2,-,A,A,,False,0,0,0.043477999999999996,0.0,0.0,0.0,0.0,0.0,0.0,0.0,-0.00059946283,-0.017267017000000003
54,54,5095.0,0,A,A,A,,False,0,0,0.95652,1.0,1.0,1.0,1.0,1.0,1.0,1.0,0.0,0.0
55,55,5096.0,2,-,G,G,,False,0,0,0.043477999999999996,0.0,0.0,0.0,0.0,0.0,0.0,0.0,-0.00123329753,-0.017880144
55,55,5096.0,0,G,G,G,,False,0,0,0.95652,1.0,1.0,1.0,1.0,1.0,1.0,1.0,0.0,0.0
56,56,5097.0,1,-,A,A,,False,0,0,0.043477999999999996,0.0,0.0,0.0,0.0,0.0,0.0,0.0,-0.00059946283,-0.017267017000000003
56,56,5097.0,0,A,A,A,,False,0,0,0.95652,1.0,1.0,1.0,1.0,1.0,1.0,1.0,0.0,0.0
57,57,5098.0,1,-,A,A,,False,0,0,0.043477999999999996,0.0,0.0,0.0,0.0,0.0,0.0,0.0,-0.00059946283,-0.017267017000000003
57,57,5098.0,0,A,A,A,,False,0,0,0.95652,1.0,1.0,1.0,1.0,1.0,1.0,1.0,0.0,0.0
58,58,5099.0,1,-,C,C,,False,0,0,0.043477999999999996,0.0,0.0,0.0,0.0,0.0,0.0,0.0,-0.00119707853,-0.017845108
58,58,5099.0,0,C,C,C,,False,0,0,0.95652,1.0,1.0,1.0,1.0,1.0,1.0,1.0,0.0,0.0
59,59,5100.0,1,-,A,A,,False,0,0,0.043477999999999996,0.0,0.0,0.0,0.0,0.0,0.0,0.0,-0.00059946283,-0.017267017000000003
59,59,5100.0,0,A,A,A,,False,0,0,0.95652,1.0,1.0,1.0,1.0,1.0,1.0,1.0,0.0,0.0
60,60,5101.0,1,-,T,T,,False,0,0,0.043477999999999996,0.0,0.0,0.0,0.0,0.0,0.0,0.0,-0.0011065305300000002,-0.017757519
60,60,5101.0,0,T,T,T,,False,0,0,0.95652,1.0,1.0,1.0,1.0,1.0,1.0,1.0,0.0,0.0
61,61,5102.0,1,-,G,G,,False,0,0,0.043477999999999996,0.0,0.0,0.0,0.0,0.0,0.0,0.0,-0.00123329753,-0.017880144
61,61,5102.0,0,G,G,G,,False,0,0,0.95652,1.0,1.0,1.0,1.0,1.0,1.0,1.0,0.0,0.0
62,62,5103.0,1,-,G,G,,False,0,0,0.043477999999999996,0.0,0.0,0.0,0.0,0.0,0.0,0.0,-0.00123329753,-0.017880144
62,62,5103.0,0,G,G,G,,False,0,0,0.95652,1.0,1.0,1.0,1.0,1.0,1.0,1.0,0.0,0.0
63,63,5104.0,1,-,A,A,,False,0,0,0.043477999999999996,0.0,0.0,0.0,0.0,0.0,0.0,0.0,-0.00059946283,-0.017267017000000003
63,63,5104.0,0,A,A,A,,False,0,0,0.95652,1.0,1.0,1.0,1.0,1.0,1.0,1.0,0.0,0.0
64,64,5105.0,1,-,A,A,,False,0,0,0.043477999999999996,0.0,0.0,0.0,0.0,0.0,0.0,0.0,-0.00059946283,-0.017267017000000003
64,64,5105.0,0,A,A,A,,False,0,0,0.95652,1.0,1.0,1.0,1.0,1.0,1.0,1.0,0.0,0.0
65,65,5106.0,1,-,T,T,,False,0,0,0.043477999999999996,0.0,0.0,0.0,0.0,0.0,0.0,0.0,-0.0011065305300000002,-0.017757519
65,65,5106.0,0,T,T,T,,False,0,0,0.95652,1.0,1.0,1.0,1.0,1.0,1.0,1.0,0.0,0.0
66,66,5107.0,1,-,A,A,,False,0,0,0.043477999999999996,0.0,0.0,0.0,0.0,0.0,0.0,0.0,-0.00059946283,-0.017267017000000003
66,66,5107.0,0,A,A,A,,False,0,0,0.95652,1.0,1.0,1.0,1.0,1.0,1.0,1.0,0.0,0.0
67,67,5108.0,1,-,G,G,,False,0,0,0.043477999999999996,0.0,0.0,0.0,0.0,0.0,0.0,0.0,-0.00123329753,-0.017880144
67,67,5108.0,0,G,G,G,,False,0,0,0.95652,1.0,1.0,1.0,1.0,1.0,1.0,1.0,0.0,0.0
68,68,5109.0,1,-,T,T,,False,0,0,0.043477999999999996,0.0,0.0,0.0,0.0,0.0,0.0,0.0,-0.0011065305300000002,-0.017757519
68,68,5109.0,0,T,T,T,,False,0,0,0.95652,1.0,1.0,1.0,1.0,1.0,1.0,1.0,0.0,0.0
69,69,5110.0,1,-,T,T,,False,0,0,0.043477999999999996,0.0,0.0,0.0,0.0,0.0,0.0,0.0,-0.0011065305300000002,-0.017757519
69,69,5110.0,0,T,T,T,,False,0,0,0.95652,1.0,1.0,1.0,1.0,1.0,1.0,1.0,0.0,0.0
70,70,5111.0,1,-,T,T,,False,0,0,0.043477999999999996,0.0,0.0,0.0,0.0,0.0,0.0,0.0,-0.0011065305300000002,-0.017757519
70,70,5111.0,0,T,T,T,,False,0,0,0.95652,1.0,1.0,1.0,1.0,1.0,1.0,1.0,0.0,0.0
71,71,5112.0,1,-,A,A,,False,0,0,0.043477999999999996,0.0,0.0,0.0,0.0,0.0,0.0,0.0,-0.0016219155299999999,-0.01475104
71,71,5112.0,0,A,A,A,,False,0,0,0.95652,1.0,1.0,1.0,1.0,0.9230799999999999,1.0,1.0,0.0,0.0
71,71,5112.0,0,G,A,A,,False,0,0,0.0,0.0,0.0,0.0,0.0,0.076923,0.0,0.0,-0.0029360009999999997,-0.0065891693
72,72,5113.0,1,-,G,G,,False,0,0,0.043477999999999996,0.0,0.0,0.0,0.0,0.0,0.0,0.0,-0.00123329753,-0.017880144
72,72,5113.0,0,G,G,G,,False,0,0,0.95652,1.0,1.0,1.0,1.0,1.0,1.0,1.0,0.0,0.0
73,73,5114.0,1,-,T,T,,False,0,0,0.043477999999999996,0.0,0.0,0.0,0.0,0.0,0.0,0.0,-0.0011065305300000002,-0.017757519
73,73,5114.0,0,T,T,T,,False,0,0,0.95652,1.0,1.0,1.0,1.0,1.0,1.0,1.0,0.0,0.0
74,74,5115.0,1,-,A,A,,False,0,0,0.043477999999999996,0.0,0.0,0.0,0.0,0.0,0.0,0.0,-0.00059946283,-0.017267017000000003
74,74,5115.0,0,A,A,A,,False,0,0,0.95652,1.0,1.0,1.0,1.0,1.0,1.0,1.0,0.0,0.0
75,75,5116.0,1,-,A,A,,False,0,0,0.043477999999999996,0.0,0.0,0.0,0.0,0.0,0.0,0.0,-0.00059946283,-0.017267017000000003
75,75,5116.0,0,A,A,A,,False,0,0,0.95652,1.0,1.0,1.0,1.0,1.0,1.0,1.0,0.0,0.0
76,76,5117.0,1,-,A,A,,False,0,0,0.043477999999999996,0.0,0.0,0.0,0.0,0.0,0.0,0.0,-0.00059946283,-0.017267017000000003
76,76,5117.0,0,A,A,A,,False,0,0,0.95652,1.0,1.0,1.0,1.0,1.0,1.0,1.0,0.0,0.0
77,77,5118.0,1,-,G,G,,False,0,0,0.043477999999999996,0.0,0.0,0.0,0.0,0.0,0.0,0.0,-0.00123329753,-0.017880144
77,77,5118.0,0,G,G,G,,False,0,0,0.95652,1.0,1.0,1.0,1.0,1.0,1.0,1.0,0.0,0.0
78,78,5119.0,1,-,C,C,,False,0,0,0.043477999999999996,0.0,0.0,0.0,0.0,0.0,0.0,0.0,-0.00119707853,-0.017845108
78,78,5119.0,0,C,C,C,,False,0,0,0.95652,1.0,1.0,1.0,1.0,1.0,1.0,1.0,0.0,0.0
79,79,5120.0,1,-,A,A,,False,0,0,0.043477999999999996,0.0,0.0,0.0,0.0,0.0,0.0,0.0,-0.00059946283,-0.017267017000000003
79,79,5120.0,0,A,A,A,,False,0,0,0.95652,1.0,1.0,1.0,1.0,1.0,1.0,1.0,0.0,0.0
80,80,5121.0,1,-,C,C,,False,0,0,0.043477999999999996,0.0,0.0,0.0,0.0,0.0,0.0,0.0,-0.00119707853,-0.017845108
80,80,5121.0,0,C,C,C,,False,0,0,0.95652,1.0,1.0,1.0,1.0,1.0,1.0,1.0,0.0,0.0
81,81,5122.0,1,-,C,C,,False,0,0,0.043477999999999996,0.0,0.0,0.0,0.0,0.0,0.0,0.0,-0.00119707853,-0.017845108
81,81,5122.0,0,C,C,C,,False,0,0,0.95652,1.0,1.0,1.0,1.0,1.0,1.0,1.0,0.0,0.0
82,82,5123.0,1,-,A,A,,False,0,0,0.043477999999999996,0.0,0.0,0.0,0.0,0.0,0.0,0.0,-0.00059946283,-0.017267017000000003
82,82,5123.0,0,A,A,A,,False,0,0,0.95652,1.0,1.0,1.0,1.0,1.0,1.0,1.0,0.0,0.0
83,83,5124.0,1,-,T,T,,False,0,0,0.043477999999999996,0.0,0.0,0.0,0.0,0.0,0.0,0.0,-0.0011065305300000002,-0.017757519
83,83,5124.0,0,T,T,T,,False,0,0,0.95652,1.0,1.0,1.0,1.0,1.0,1.0,1.0,0.0,0.0
84,84,5125.0,1,-,A,A,,False,0,0,0.043477999999999996,0.0,0.0,0.0,0.0,0.0,0.0,0.0,-0.00059946283,-0.017267017000000003
84,84,5125.0,0,A,A,A,,False,0,0,0.95652,1.0,1.0,1.0,1.0,1.0,1.0,1.0,0.0,0.0
85,85,5126.0,1,-,T,T,,False,0,0,0.043477999999999996,0.0,0.0,0.0,0.0,0.0,0.0,0.0,-0.0011065305300000002,-0.017757519
85,85,5126.0,0,T,T,T,,False,0,0,0.95652,1.0,1.0,1.0,1.0,1.0,1.0,1.0,0.0,0.0
86,86,5127.0,1,-,A,G,,False,0,0,0.043477999999999996,0.0,0.0,0.0,0.0,0.0,0.0,0.0,-0.00059946283,-0.017267017000000003
86,86,5127.0,0,A,A,G,,False,0,0,0.95652,1.0,1.0,1.0,1.0,1.0,1.0,1.0,0.0,0.0
87,87,5128.0,1,-,T,T,,False,0,0,0.043477999999999996,0.0,0.0,0.0,0.0,0.0,0.0,0.0,-0.0011065305300000002,-0.017757519
87,87,5128.0,0,T,T,T,,False,0,0,0.95652,1.0,1.0,1.0,1.0,1.0,1.0,1.0,0.0,0.0
88,88,5129.0,1,-,G,A,,False,0,0,0.043477999999999996,0.0,0.0,0.0,0.0,0.0,0.0,0.0,-0.00123329753,-0.017880144
88,88,5129.0,0,G,G,A,,False,0,0,0.95652,1.0,1.0,1.0,1.0,1.0,1.0,1.0,0.0,0.0
89,89,5130.0,1,-,G,T,,False,0,0,0.043477999999999996,0.0,0.0,0.0,0.0,0.0,0.0,0.0,-0.00123329753,-0.017880144
89,89,5130.0,0,G,G,T,,False,0,0,0.95652,1.0,1.0,1.0,1.0,1.0,1.0,1.0,0.0,0.0
90,90,5131.0,1,-,G,A,,False,0,0,0.043477999999999996,0.0,0.0,0.0,0.0,0.0,0.0,0.0,-0.00123329753,-0.017880144
90,90,5131.0,0,G,G,A,,False,0,0,0.95652,1.0,1.0,1.0,1.0,1.0,1.0,1.0,0.0,0.0
91,91,5132.0,1,-,C,T,,False,0,0,0.043477999999999996,0.0,0.0,0.0,0.0,0.0,0.0,0.0,-0.00119707853,-0.017845108
91,91,5132.0,0,C,C,T,,False,0,0,0.95652,1.0,1.0,1.0,1.0,1.0,1.0,1.0,0.0,0.0
92,92,5133.0,1,-,C,T,,False,0,0,0.043477999999999996,0.0,0.0,0.0,0.0,0.0,0.0,0.0,-0.00119707853,-0.017845108
92,92,5133.0,0,C,C,T,,False,0,0,0.95652,1.0,1.0,1.0,1.0,1.0,1.0,1.0,0.0,0.0
93,93,5134.0,1,-,T,T,,False,0,0,0.043477999999999996,0.0,0.0,0.0,0.0,0.0,0.0,0.0,-0.0011065305300000002,-0.017757519
93,93,5134.0,0,T,T,T,,False,0,0,0.95652,1.0,1.0,1.0,1.0,1.0,1.0,1.0,0.0,0.0
94,94,5135.0,1,-,C,C,,False,0,0,0.043477999999999996,0.0,0.0,0.0,0.0,0.0,0.0,0.0,-0.00119707853,-0.017845108
94,94,5135.0,0,C,C,C,,False,0,0,0.95652,1.0,1.0,1.0,1.0,1.0,1.0,1.0,0.0,0.0
95,95,5136.0,1,-,A,A,,False,0,0,0.043477999999999996,0.0,0.0,0.0,0.0,0.0,0.0,0.0,-0.00059946283,-0.017267017000000003
95,95,5136.0,0,A,A,A,,False,0,0,0.95652,1.0,1.0,1.0,1.0,1.0,1.0,1.0,0.0,0.0
96,96,5137.0,1,-,A,A,,False,0,0,0.043477999999999996,0.0,0.0,0.0,0.0,0.0,0.0,0.0,-0.013148343529999999,-0.025163165
96,96,5137.0,0,A,A,A,,False,0,0,0.91304,1.0,1.0,1.0,1.0,1.0,1.0,1.0,0.0,0.0
96,96,5137.0,1,G,A,A,,False,0,0,0.043477999999999996,0.0,0.0,0.0,0.0,0.0,0.0,0.0,-0.02598905,-0.025512654000000003
97,97,5138.0,1,-,A,G,,False,0,0,0.043477999999999996,0.0,0.0,0.0,0.0,0.0,0.0,0.0,-0.00059946283,-0.017267017000000003
97,97,5138.0,0,A,A,G,,False,0,0,0.95652,1.0,1.0,1.0,1.0,1.0,1.0,1.0,0.0,0.0
98,98,5139.0,1,-,G,G,,False,0,0,0.043477999999999996,0.0,0.0,0.0,0.0,0.0,0.0,0.0,-0.00123329753,-0.017880144
98,98,5139.0,0,G,G,G,,False,0,0,0.95652,1.0,1.0,1.0,1.0,1.0,1.0,1.0,0.0,0.0
99,99,5140.0,1,-,A,A,,False,0,0,0.043477999999999996,0.0,0.0,0.0,0.0,0.0,0.0,0.0,-0.00059946283,-0.017267017000000003
99,99,5140.0,0,A,A,A,,False,0,0,0.95652,1.0,1.0,1.0,1.0,1.0,1.0,1.0,0.0,0.0
100,100,5141.0,1,-,A,G,,False,0,0,0.043477999999999996,0.0,0.0,0.0,0.0,0.0,0.0,0.0,-0.00059946283,-0.017267017000000003
100,100,5141.0,0,A,A,G,,False,0,0,0.95652,1.0,1.0,1.0,1.0,1.0,1.0,1.0,0.0,0.0
101,101,5142.0,1,-,A,A,,False,0,0,0.043477999999999996,0.0,0.0,0.0,0.0,0.0,0.0,0.0,-0.00143871853,-0.025163165
101,101,5142.0,0,A,A,A,,False,0,0,0.91304,1.0,1.0,1.0,1.0,1.0,1.0,1.0,0.0,0.0
101,101,5142.0,0,G,A,A,,False,0,0,0.043477999999999996,0.0,0.0,0.0,0.0,0.0,0.0,0.0,-0.002569804,-0.025512654000000003
102,102,5143.0,1,-,G,G,,False,0,0,0.043477999999999996,0.0,0.0,0.0,0.0,0.0,0.0,0.0,-0.00123329753,-0.017880144
102,102,5143.0,0,G,G,G,,False,0,0,0.95652,1.0,1.0,1.0,1.0,1.0,1.0,1.0,0.0,0.0
103,103,5144.0,1,-,C,C,,False,0,0,0.043477999999999996,0.0,0.0,0.0,0.0,0.0,0.0,0.0,-0.00119707853,-0.017845108
103,103,5144.0,0,C,C,C,,False,0,0,0.95652,1.0,1.0,1.0,1.0,1.0,1.0,1.0,0.0,0.0
104,104,5145.0,1,-,T,T,,False,0,0,0.043477999999999996,0.0,0.0,0.0,0.0,0.0,0.0,0.0,-0.0011065305300000002,-0.017757519
104,104,5145.0,0,T,T,T,,False,0,0,0.95652,1.0,1.0,1.0,1.0,1.0,1.0,1.0,0.0,0.0
105,105,5146.0,1,-,A,A,,False,0,0,0.043477999999999996,0.0,0.0,0.0,0.0,0.0,0.0,0.0,-0.00059946283,-0.017267017000000003
105,105,5146.0,0,A,A,A,,False,0,0,0.95652,1.0,1.0,1.0,1.0,1.0,1.0,1.0,0.0,0.0
106,106,5147.0,1,-,G,A,,False,0,0,0.043477999999999996,0.0,0.0,0.0,0.0,0.0,0.0,0.0,-0.00123329753,-0.017880144
106,106,5147.0,0,G,G,A,,False,0,0,0.95652,1.0,1.0,1.0,1.0,1.0,1.0,1.0,0.0,0.0
107,107,5148.0,1,-,T,T,,False,0,0,0.043477999999999996,0.0,0.0,0.0,0.0,0.0,0.0,0.0,-0.0011065305300000002,-0.017757519
107,107,5148.0,0,T,T,T,,False,0,0,0.95652,1.0,1.0,1.0,1.0,1.0,1.0,1.0,0.0,0.0
108,108,5149.0,1,-,G,G,,False,0,0,0.043477999999999996,0.0,0.0,0.0,0.0,0.0,0.0,0.0,-0.00123329753,-0.017880144
108,108,5149.0,0,G,G,G,,False,0,0,0.95652,1.0,1.0,1.0,1.0,1.0,1.0,1.0,0.0,0.0
109,109,5150.0,1,-,G,G,,False,0,0,0.043477999999999996,0.0,0.0,0.0,0.0,0.0,0.0,0.0,-0.00123329753,-0.017880144
109,109,5150.0,0,G,G,G,,False,0,0,0.95652,1.0,1.0,1.0,1.0,1.0,1.0,1.0,0.0,0.0
110,110,5151.0,1,-,A,A,,False,0,0,0.043477999999999996,0.0,0.0,0.0,0.0,0.0,0.0,0.0,-0.00059946283,-0.017267017000000003
110,110,5151.0,0,A,A,A,,False,0,0,0.95652,1.0,1.0,1.0,1.0,1.0,1.0,1.0,0.0,0.0
111,111,5152.0,1,-,T,T,,False,0,0,0.043477999999999996,0.0,0.0,0.0,0.0,0.0,0.0,0.0,-0.0011065305300000002,-0.017757519
111,111,5152.0,0,T,T,T,,False,0,0,0.95652,1.0,1.0,1.0,1.0,1.0,1.0,1.0,0.0,0.0
112,112,5153.0,1,-,G,G,,False,0,0,0.043477999999999996,0.0,0.0,0.0,0.0,0.0,0.0,0.0,-0.00123329753,-0.017880144
112,112,5153.0,0,G,G,G,,False,0,0,0.95652,1.0,1.0,1.0,1.0,1.0,1.0,1.0,0.0,0.0
113,113,5154.0,1,-,G,G,,False,0,0,0.043477999999999996,0.0,0.0,0.0,0.0,0.0,0.0,0.0,-0.00123329753,-0.017880144
113,113,5154.0,0,G,G,G,,False,0,0,0.95652,1.0,1.0,1.0,1.0,1.0,1.0,1.0,0.0,0.0
114,114,5155.0,1,-,T,T,,False,0,0,0.043477999999999996,0.0,0.0,0.0,0.0,0.0,0.0,0.0,-0.0011065305300000002,-0.017757519
114,114,5155.0,0,T,T,T,,False,0,0,0.95652,1.0,1.0,1.0,1.0,1.0,1.0,1.0,0.0,0.0
115,115,5156.0,1,-,T,T,,False,0,0,0.043477999999999996,0.0,0.0,0.0,0.0,0.0,0.0,0.0,-0.0011065305300000002,-0.017757519
115,115,5156.0,0,T,T,T,,False,0,0,0.95652,1.0,1.0,1.0,1.0,1.0,1.0,1.0,0.0,0.0
116,116,5157.0,1,-,T,T,,False,0,0,0.043477999999999996,0.0,0.0,0.0,0.0,0.0,0.0,0.0,-0.0011065305300000002,-0.017757519
116,116,5157.0,0,T,T,T,,False,0,0,0.95652,1.0,1.0,1.0,1.0,1.0,1.0,1.0,0.0,0.0
117,117,5158.0,1,-,T,T,,False,0,0,0.043477999999999996,0.0,0.0,0.0,0.0,0.0,0.0,0.0,-0.0011065305300000002,-0.017757519
117,117,5158.0,0,T,T,T,,False,0,0,0.95652,1.0,1.0,1.0,1.0,1.0,1.0,1.0,0.0,0.0
118,118,5159.0,1,-,A,A,,False,0,0,0.043477999999999996,0.0,0.0,0.0,0.0,0.0,0.0,0.0,-0.00059946283,-0.017267017000000003
118,118,5159.0,0,A,A,A,,False,0,0,0.95652,1.0,1.0,1.0,1.0,1.0,1.0,1.0,0.0,0.0
119,119,5160.0,1,-,C,C,,False,0,0,0.043477999999999996,0.0,0.0,0.0,0.0,0.0,0.0,0.0,-0.00119707853,-0.017845108
119,119,5160.0,0,C,C,C,,False,0,0,0.95652,1.0,1.0,1.0,1.0,1.0,1.0,1.0,0.0,0.0
120,120,5161.0,1,-,A,A,,False,0,0,0.043477999999999996,0.0,0.0,0.0,0.0,0.0,0.0,0.0,-0.00059946283,-0.017267017000000003
120,120,5161.0,0,A,A,A,,False,0,0,0.95652,1.0,1.0,1.0,1.0,1.0,1.0,1.0,0.0,0.0
121,121,5162.0,1,-,G,G,,False,0,0,0.043477999999999996,0.0,0.0,0.0,0.0,0.0,0.0,0.0,-0.00123329753,-0.017880144
121,121,5162.0,0,G,G,G,,False,0,0,0.95652,1.0,1.0,1.0,1.0,1.0,1.0,1.0,0.0,0.0
122,122,5163.0,1,-,A,A,,False,0,0,0.043477999999999996,0.0,0.0,0.0,0.0,0.0,0.0,0.0,-0.00023455143,-0.006352699000000001
122,122,5163.0,0,A,A,A,,False,0,0,0.95652,1.0,1.0,1.0,1.0,1.0,1.0,0.9285700000000001,0.0,0.0
122,122,5163.0,0,G,A,A,,False,0,0,0.0,0.0,0.0,0.0,0.0,0.0,0.0,0.07142899999999999,-0.000160712803,0.007696963
123,123,5164.0,1,-,C,C,,False,0,0,0.043477999999999996,0.0,0.0,0.0,0.0,0.0,0.0,0.0,-0.00119707853,-0.017845108
123,123,5164.0,0,C,C,C,,False,0,0,0.95652,1.0,1.0,1.0,1.0,1.0,1.0,1.0,0.0,0.0
124,124,5165.0,1,-,A,A,,False,0,0,0.043477999999999996,0.0,0.0,0.0,0.0,0.0,0.0,0.0,-0.00059946283,-0.017267017000000003
124,124,5165.0,0,A,A,A,,False,0,0,0.95652,1.0,1.0,1.0,1.0,1.0,1.0,1.0,0.0,0.0
125,125,5166.0,1,-,T,T,,False,0,0,0.043477999999999996,0.0,0.0,0.0,0.0,0.0,0.0,0.0,-0.0011065305300000002,-0.017757519
125,125,5166.0,0,T,T,T,,False,0,0,0.95652,1.0,1.0,1.0,1.0,1.0,1.0,1.0,0.0,0.0
126,126,5167.0,1,-,C,C,,False,0,0,0.043477999999999996,0.0,0.0,0.0,0.0,0.0,0.0,0.0,-0.00119707853,-0.017845108
126,126,5167.0,0,C,C,C,,False,0,0,0.95652,1.0,1.0,1.0,1.0,1.0,1.0,1.0,0.0,0.0
127,127,5168.0,1,-,A,A,,False,0,0,0.043477999999999996,0.0,0.0,0.0,0.0,0.0,0.0,0.0,-0.00059946283,-0.017267017000000003
127,127,5168.0,0,A,A,A,,False,0,0,0.95652,1.0,1.0,1.0,1.0,1.0,1.0,1.0,0.0,0.0
128,128,5169.0,1,-,T,T,,False,0,0,0.043477999999999996,0.0,0.0,0.0,0.0,0.0,0.0,0.0,-0.0011065305300000002,-0.017757519
128,128,5169.0,0,T,T,T,,False,0,0,0.95652,1.0,1.0,1.0,1.0,1.0,1.0,1.0,0.0,0.0
129,129,5170.0,1,-,T,T,,False,0,0,0.043477999999999996,0.0,0.0,0.0,0.0,0.0,0.0,0.0,-0.0011065305300000002,-0.017757519
129,129,5170.0,0,T,T,T,,False,0,0,0.95652,1.0,1.0,1.0,1.0,1.0,1.0,1.0,0.0,0.0
130,130,5171.0,1,-,A,A,,False,0,0,0.043477999999999996,0.0,0.0,0.0,0.0,0.0,0.0,0.0,-0.00059946283,-0.017267017000000003
130,130,5171.0,0,A,A,A,,False,0,0,0.95652,1.0,1.0,1.0,1.0,1.0,1.0,1.0,0.0,0.0
131,131,5172.0,1,-,T,T,,False,0,0,0.043477999999999996,0.0,0.0,0.0,0.0,0.0,0.0,0.0,-0.0011065305300000002,-0.017757519
131,131,5172.0,0,T,T,T,,False,0,0,0.95652,1.0,1.0,1.0,1.0,1.0,1.0,1.0,0.0,0.0
132,132,5173.0,1,-,G,G,,False,0,0,0.043477999999999996,0.0,0.0,0.0,0.0,0.0,0.0,0.0,-0.00123329753,-0.017880144
132,132,5173.0,0,G,G,G,,False,0,0,0.95652,1.0,1.0,1.0,1.0,1.0,1.0,1.0,0.0,0.0
133,133,5174.0,1,-,A,A,,False,0,0,0.043477999999999996,0.0,0.0,0.0,0.0,0.0,0.0,0.0,-0.00059946283,-0.017267017000000003
133,133,5174.0,0,A,A,A,,False,0,0,0.95652,1.0,1.0,1.0,1.0,1.0,1.0,1.0,0.0,0.0
134,134,5175.0,1,-,A,A,,False,0,0,0.043477999999999996,0.0,0.0,0.0,0.0,0.0,0.0,0.0,-0.00059946283,-0.017267017000000003
134,134,5175.0,0,A,A,A,,False,0,0,0.95652,1.0,1.0,1.0,1.0,1.0,1.0,1.0,0.0,0.0
135,135,5176.0,1,-,A,A,,False,0,0,0.043477999999999996,0.0,0.0,0.0,0.0,0.0,0.0,0.0,-0.00059946283,-0.017267017000000003
135,135,5176.0,0,A,A,A,,False,0,0,0.95652,1.0,1.0,1.0,1.0,1.0,1.0,1.0,0.0,0.0
136,168,5209.0,0,A,A,A,,False,0,0,1.0,1.0,1.0,1.0,1.0,1.0,1.0,0.9285700000000001,0.0,0.0
136,168,5209.0,1,G,A,A,,False,0,0,0.0,0.0,0.0,0.0,0.0,0.0,0.0,0.07142899999999999,1.2333199999999999e-05,0.011236560999999999
137,180,5221.0,1,A,G,G,,False,0,0,0.0,0.0,0.0,0.0,0.0,0.0,0.0,0.57143,0.007225199,0.02617545
137,180,5221.0,0,G,G,G,,False,0,0,1.0,1.0,1.0,1.0,1.0,1.0,1.0,0.42857,0.0,0.0
138,182,5223.0,1,G,T,T,,False,0,0,0.0,0.0,0.0,0.0,0.0,0.0,0.0,0.07142899999999999,0.005165965,0.011099458999999999
138,182,5223.0,0,T,T,T,,False,0,0,1.0,1.0,1.0,1.0,1.0,1.0,1.0,0.9285700000000001,0.0,0.0
139,187,5228.0,1,A,G,G,,False,0,0,0.0,0.0,0.0,0.0,0.0,0.0,0.1,0.0,-0.000106181953,-0.0005893063
139,187,5228.0,0,G,G,G,,False,0,0,1.0,1.0,1.0,1.0,1.0,1.0,0.9,1.0,0.0,0.0
140,188,5229.0,0,A,A,A,,False,0,0,1.0,1.0,1.0,1.0,1.0,1.0,1.0,0.9285700000000001,0.0,0.0
140,188,5229.0,0,G,A,A,,False,0,0,0.0,0.0,0.0,0.0,0.0,0.0,0.0,0.07142899999999999,0.0016014586,0.011236560999999999
141,192,5233.0,0,A,A,G,,False,0,0,1.0,1.0,1.0,1.0,1.0,1.0,1.0,0.9285700000000001,0.0,0.0
141,192,5233.0,1,G,A,G,,False,0,0,0.0,0.0,0.0,0.0,0.0,0.0,0.0,0.07142899999999999,0.003620036,0.011236560999999999
142,199,5240.0,0,C,C,A,,False,0,0,1.0,1.0,1.0,1.0,1.0,1.0,1.0,0.71429,0.0,0.0
142,199,5240.0,1,G,C,A,,False,0,0,0.0,0.0,0.0,0.0,0.0,0.0,0.0,0.21429,-0.0013216564999999998,0.017945233999999997
142,199,5240.0,1,T,C,A,,False,0,0,0.0,0.0,0.0,0.0,0.0,0.0,0.0,0.07142899999999999,-0.0044586999999999995,0.01485156
143,242,5283.0,0,A,G,G,,False,0,0,0.0,0.0,0.0,0.0,0.0,0.0,0.0,0.07142899999999999,0.004267254999999999,0.010736519
143,242,5283.0,0,G,G,G,,False,0,0,1.0,1.0,1.0,1.0,1.0,1.0,1.0,0.9285700000000001,0.0,0.0
144,287,5328.0,0,A,A,A,,False,0,0,1.0,1.0,1.0,1.0,1.0,1.0,0.8,1.0,0.0,0.0
144,287,5328.0,0,G,A,A,,False,0,0,0.0,0.0,0.0,0.0,0.0,0.0,0.2,0.0,0.009071613,-0.00011147541
145,296,5337.0,0,C,C,C,,False,0,0,1.0,1.0,1.0,1.0,1.0,0.9230799999999999,1.0,1.0,0.0,0.0
145,296,5337.0,0,T,C,C,,False,0,0,0.0,0.0,0.0,0.0,0.0,0.076923,0.0,0.0,-0.01356625,-0.001247944
146,360,5401.0,0,A,A,A,,False,0,0,1.0,1.0,1.0,1.0,1.0,1.0,0.9,1.0,0.0,0.0
146,360,5401.0,1,G,A,A,,False,0,0,0.0,0.0,0.0,0.0,0.0,0.0,0.1,0.0,0.024690280000000002,-0.00021363875
147,436,5477.0,0,A,A,A,,False,0,0,0.95652,1.0,1.0,1.0,1.0,1.0,1.0,1.0,0.0,0.0
147,436,5477.0,1,C,A,A,,False,0,0,0.043477999999999996,0.0,0.0,0.0,0.0,0.0,0.0,0.0,-0.019090252000000002,-0.017318755999999998
148,444,5485.0,1,A,G,G,,False,0,0,0.0,0.0,0.0,0.0,0.0,0.0,0.0,0.07142899999999999,-0.002695289,0.010736519
148,444,5485.0,0,G,G,G,,False,0,0,1.0,1.0,1.0,1.0,1.0,1.0,1.0,0.9285700000000001,0.0,0.0
149,446,5487.0,0,A,A,A,,False,0,0,1.0,1.0,1.0,1.0,1.0,1.0,1.0,0.9285700000000001,0.0,0.0
149,446,5487.0,0,G,A,A,,False,0,0,0.0,0.0,0.0,0.0,0.0,0.0,0.0,0.07142899999999999,1.2333199999999999e-05,0.011236560999999999
150,500,5541.0,0,A,G,G,,False,0,0,0.0,0.0,0.0,0.0,0.0,0.0,0.1,0.0,0.005512193,-0.0005893063
150,500,5541.0,0,G,G,G,,False,0,0,1.0,1.0,1.0,1.0,1.0,1.0,0.9,1.0,0.0,0.0
151,506,5547.0,0,A,A,A,,False,0,0,1.0,1.0,1.0,1.0,1.0,1.0,1.0,0.9285700000000001,0.0,0.0
151,506,5547.0,0,G,A,A,,False,0,0,0.0,0.0,0.0,0.0,0.0,0.0,0.0,0.07142899999999999,0.0016014586,0.011236560999999999
152,560,5601.0,2,G,T,T,,False,0,0,0.0,0.0,0.0,0.0,0.0,0.076923,0.0,0.0,0.009215356000000001,-0.0008027499
152,560,5601.0,0,T,T,T,,False,0,0,1.0,1.0,1.0,1.0,1.0,0.9230799999999999,1.0,1.0,0.0,0.0
153,599,5640.0,0,C,C,C,,False,0,0,1.0,1.0,1.0,1.0,0.85714,1.0,1.0,1.0,0.0,0.0
153,599,5640.0,1,T,C,C,,False,0,0,0.0,0.0,0.0,0.0,0.14286,0.0,0.0,0.0,0.0007518637,-0.0012191429
154,659,5700.0,1,A,G,G,,False,0,0,0.0,0.0,0.076923,0.0,0.0,0.0,0.0,0.0,-0.0034033070000000004,-0.001864108
154,659,5700.0,0,G,G,G,,False,0,0,1.0,1.0,0.9230799999999999,1.0,1.0,1.0,1.0,1.0,0.0,0.0
155,675,5716.0,1,A,C,C,,False,0,0,0.0,0.0,0.0,0.0,0.0,0.0,0.1,0.0,0.006171751,-0.00038919763999999997
155,675,5716.0,0,C,C,C,,False,0,0,1.0,1.0,1.0,1.0,1.0,1.0,0.9,1.0,0.0,0.0
156,680,5721.0,0,A,A,A,,False,0,0,1.0,1.0,1.0,1.0,1.0,1.0,0.9,1.0,0.0,0.0
156,680,5721.0,1,G,A,A,,False,0,0,0.0,0.0,0.0,0.0,0.0,0.0,0.1,0.0,-4.8386779999999994e-05,-0.00021363875
157,694,5735.0,0,A,G,T,,False,0,0,0.0,0.0,0.0,0.0,0.0,0.0,0.0,0.07142899999999999,0.0005930054,0.010736519
157,694,5735.0,0,G,G,T,,False,0,0,1.0,1.0,1.0,1.0,1.0,1.0,1.0,0.9285700000000001,0.0,0.0
158,740,5781.0,1,C,T,T,,False,0,0,0.0,0.0,0.0,0.0,0.0,0.0,0.0,0.07142899999999999,-0.00018259823,0.010938979000000001
158,740,5781.0,0,T,T,T,,False,0,0,1.0,1.0,1.0,1.0,1.0,1.0,1.0,0.9285700000000001,0.0,0.0
159,754,5795.0,0,A,G,G,,False,0,0,0.043477999999999996,0.0,0.0,0.0,0.0,0.0,0.0,0.0,-0.019614643,-0.018813916
159,754,5795.0,0,G,G,G,,False,0,0,0.95652,1.0,1.0,1.0,1.0,1.0,1.0,1.0,0.0,0.0
160,769,5810.0,0,G,T,T,,False,0,0,0.0,0.0,0.0,0.0,0.0,0.0,0.0,0.07142899999999999,-0.0020093446,0.011099458999999999
160,769,5810.0,0,T,T,T,,False,0,0,1.0,1.0,1.0,1.0,1.0,1.0,1.0,0.9285700000000001,0.0,0.0
161,779,5820.0,1,-,A,A,,False,0,0,0.043477999999999996,0.0,0.0,0.0,0.0,0.0,0.0,0.0,-0.00285315,-0.017267017000000003
161,779,5820.0,0,A,A,A,,False,0,0,0.95652,1.0,1.0,1.0,1.0,1.0,1.0,1.0,0.0,0.0
162,828,5869.0,0,C,T,T,,False,0,0,0.0,0.0,0.0,0.0,0.0,0.0,0.0,0.07142899999999999,0.002883166,0.010938979000000001
162,828,5869.0,0,T,T,T,,False,0,0,1.0,1.0,1.0,1.0,1.0,1.0,1.0,0.9285700000000001,0.0,0.0
163,942,5983.0,0,G,G,G,,False,0,0,1.0,1.0,1.0,1.0,1.0,1.0,0.9,1.0,0.0,0.0
163,942,5983.0,2,T,G,G,,False,0,0,0.0,0.0,0.0,0.0,0.0,0.0,0.1,0.0,0.00024170180000000004,-0.00033917157
164,951,5992.0,0,G,G,G,,False,0,0,1.0,1.0,1.0,1.0,1.0,1.0,0.9,1.0,0.0,0.0
164,951,5992.0,2,T,G,G,,False,0,0,0.0,0.0,0.0,0.0,0.0,0.0,0.1,0.0,0.00024170180000000004,-0.00033917157
165,961,6002.0,1,A,G,G,,False,0,0,0.0,0.0,0.0,0.0,0.14286,0.0,0.0,0.0,0.0004702351,-0.0014147922999999999
165,961,6002.0,0,G,G,G,,False,0,0,1.0,1.0,1.0,1.0,0.85714,1.0,1.0,1.0,0.0,0.0
166,1013,6054.0,0,-,T,A,,False,0,0,0.0,0.0,0.0,0.0,0.0,0.0,0.0,0.07142899999999999,-0.000686183,0.011158156
166,1013,6054.0,0,T,T,A,,False,0,0,1.0,1.0,1.0,1.0,1.0,1.0,1.0,0.9285700000000001,0.0,0.0
167,1014,6055.0,0,-,A,-,,False,0,0,0.0,0.0,0.0,0.0,0.0,0.0,0.0,0.07142899999999999,-0.00019184299999999997,0.011357793000000001
167,1014,6055.0,0,A,A,-,,False,0,0,1.0,1.0,1.0,1.0,1.0,1.0,1.0,0.9285700000000001,0.0,0.0
168,1015,6056.0,0,-,A,-,,False,0,0,0.0,0.0,0.0,0.0,0.0,0.0,0.0,0.07142899999999999,-0.00019184299999999997,0.011357793000000001
168,1015,6056.0,0,A,A,-,,False,0,0,1.0,1.0,1.0,1.0,1.0,1.0,1.0,0.9285700000000001,0.0,0.0
169,1016,,0,-,A,-,,False,0,0,0.0,0.0,0.0,0.0,0.0,0.0,0.0,0.07142899999999999,-0.00019184299999999997,0.011357793000000001
169,1016,,0,A,A,-,,False,0,0,1.0,1.0,1.0,1.0,1.0,1.0,1.0,0.9285700000000001,0.0,0.0
170,1017,,0,-,T,-,,False,0,0,0.0,0.0,0.0,0.0,0.0,0.0,0.0,0.07142899999999999,-0.000686183,0.011158156
170,1017,,0,T,T,-,,False,0,0,1.0,1.0,1.0,1.0,1.0,1.0,1.0,0.9285700000000001,0.0,0.0
171,1018,,0,-,A,-,,False,0,0,0.0,0.0,0.0,0.0,0.0,0.0,0.0,0.07142899999999999,-0.00019184299999999997,0.011357793000000001
171,1018,,0,A,A,-,,False,0,0,1.0,1.0,1.0,1.0,1.0,1.0,1.0,0.9285700000000001,0.0,0.0
172,1019,,0,-,C,-,,False,0,0,0.0,0.0,0.0,0.0,0.0,0.0,0.0,0.07142899999999999,-0.000774458,0.011122507
172,1019,,0,C,C,-,,False,0,0,1.0,1.0,1.0,1.0,1.0,1.0,1.0,0.9285700000000001,0.0,0.0
173,1020,,0,-,T,-,,False,0,0,0.0,0.0,0.0,0.0,0.0,0.0,0.0,0.07142899999999999,-0.000686183,0.011158156
173,1020,,0,T,T,-,,False,0,0,1.0,1.0,1.0,1.0,1.0,1.0,1.0,0.9285700000000001,0.0,0.0
174,1021,,0,-,G,-,,False,0,0,0.0,0.0,0.0,0.0,0.0,0.0,0.0,0.07142899999999999,-0.000809768,0.011108247
174,1021,,0,G,G,-,,False,0,0,1.0,1.0,1.0,1.0,1.0,1.0,1.0,0.9285700000000001,0.0,0.0
175,1022,,0,-,G,-,,False,0,0,0.0,0.0,0.0,0.0,0.0,0.0,0.0,0.07142899999999999,-0.000809768,0.011108247
175,1022,,0,G,G,-,,False,0,0,1.0,1.0,1.0,1.0,1.0,1.0,1.0,0.9285700000000001,0.0,0.0
176,1023,6057.0,0,-,A,-,,False,0,0,0.0,0.0,0.0,0.0,0.0,0.0,0.0,0.07142899999999999,-0.00019184299999999997,0.011357793000000001
176,1023,6057.0,0,A,A,-,,False,0,0,1.0,1.0,1.0,1.0,1.0,1.0,1.0,0.9285700000000001,0.0,0.0
177,1024,6058.0,0,-,T,T,,False,0,0,0.0,0.0,0.0,0.0,0.0,0.0,0.0,0.07142899999999999,-0.000686183,0.011158156
177,1024,6058.0,0,T,T,T,,False,0,0,1.0,1.0,1.0,1.0,1.0,1.0,1.0,0.9285700000000001,0.0,0.0
178,1025,6059.0,0,-,G,G,,False,0,0,0.0,0.0,0.0,0.0,0.0,0.0,0.0,0.07142899999999999,-0.000809768,0.011108247
178,1025,6059.0,0,G,G,G,,False,0,0,1.0,1.0,1.0,1.0,1.0,1.0,1.0,0.9285700000000001,0.0,0.0
179,1036,6070.0,0,A,A,T,,False,0,0,1.0,1.0,1.0,1.0,1.0,0.9230799999999999,1.0,1.0,0.0,0.0
179,1036,6070.0,0,G,A,T,,False,0,0,0.0,0.0,0.0,0.0,0.0,0.076923,0.0,0.0,-0.009137794000000001,-0.0005685839
180,1037,,1,G,T,T,,False,0,0,0.0,0.0,0.0,0.0,0.0,0.076923,0.1,0.0,0.01520942,-0.00028040104
180,1037,,0,T,T,T,,False,0,0,1.0,1.0,1.0,1.0,1.0,0.9230799999999999,0.9,1.0,0.0,0.0
181,1090,6109.0,0,A,A,A,,False,0,0,1.0,1.0,1.0,1.0,1.0,1.0,1.0,0.9285700000000001,0.0,0.0
181,1090,6109.0,1,T,A,A,,False,0,0,0.0,0.0,0.0,0.0,0.0,0.0,0.0,0.07142899999999999,0.002119705,0.011353071
182,1102,6121.0,0,A,A,A,,False,0,0,1.0,1.0,0.9230799999999999,1.0,1.0,1.0,1.0,1.0,0.0,0.0
182,1102,6121.0,1,G,A,A,,False,0,0,0.0,0.0,0.076923,0.0,0.0,0.0,0.0,0.0,-0.003765366,-0.0007406875
183,1105,6124.0,1,-,T,T,,False,0,0,0.0,0.0,0.0,0.0,0.0,0.0,0.0,0.07142899999999999,-0.00018181440000000006,0.011158156
183,1105,6124.0,0,T,T,T,,False,0,0,1.0,1.0,1.0,1.0,1.0,1.0,1.0,0.9285700000000001,0.0,0.0
184,1113,6132.0,0,C,C,C,,False,0,0,1.0,1.0,1.0,1.0,1.0,0.9230799999999999,1.0,1.0,0.0,0.0
184,1113,6132.0,1,T,C,C,,False,0,0,0.0,0.0,0.0,0.0,0.0,0.076923,0.0,0.0,-0.010094794,-0.001247944
185,1152,6171.0,1,A,G,G,,False,0,0,0.043477999999999996,0.0,0.0,0.0,0.0,0.0,0.0,0.0,-0.02097974,-0.018813916
185,1152,6171.0,0,G,G,G,,False,0,0,0.95652,1.0,1.0,1.0,1.0,1.0,1.0,1.0,0.0,0.0
186,1183,6202.0,0,A,G,G,,False,0,0,0.0,0.0,0.0,0.0,0.0,0.0,0.0,0.07142899999999999,-0.0012258668,0.010736519
186,1183,6202.0,0,G,G,G,,False,0,0,1.0,1.0,1.0,1.0,1.0,1.0,1.0,0.9285700000000001,0.0,0.0
187,1245,6255.0,2,C,T,T,,False,0,0,0.0,0.083333,0.0,0.0,0.0,0.0,0.0,0.0,-0.0036425850000000003,-0.0014298672
187,1245,6255.0,0,T,T,T,,False,0,0,1.0,0.9166700000000001,1.0,1.0,1.0,1.0,1.0,1.0,0.0,0.0
188,1268,6278.0,1,A,C,C,,False,0,0,0.0,0.0,0.0,0.0,0.14286,0.0,0.0,0.0,0.003421592,-0.0009336877999999999
188,1268,6278.0,0,C,C,C,,False,0,0,1.0,1.0,1.0,1.0,0.85714,1.0,1.0,1.0,0.0,0.0
189,1322,6332.0,0,C,C,C,,False,0,0,1.0,1.0,0.9230799999999999,1.0,1.0,1.0,1.0,1.0,0.0,0.0
189,1322,6332.0,0,T,C,C,,False,0,0,0.0,0.0,0.076923,0.0,0.0,0.0,0.0,0.0,0.004255356,-0.0016112613
190,1327,6337.0,1,C,T,T,,False,0,0,0.0,0.083333,0.0,0.0,0.0,0.0,0.0,0.0,-0.0058348359999999995,-0.0014298672
190,1327,6337.0,0,T,T,T,,False,0,0,1.0,0.9166700000000001,1.0,1.0,1.0,1.0,1.0,1.0,0.0,0.0
191,1364,6374.0,0,C,T,T,,False,0,0,0.0,0.0,0.0,0.0,0.0,0.0,0.0,0.35714,0.0076596500000000005,0.020524510000000003
191,1364,6374.0,0,T,T,T,,False,0,0,1.0,1.0,1.0,1.0,1.0,1.0,1.0,0.64286,0.0,0.0
192,1382,6392.0,0,A,A,A,,True,0,0,1.0,1.0,1.0,1.0,1.0,1.0,1.0,0.9285700000000001,0.0,0.0
192,1382,6392.0,0,G,A,A,,True,0,0,0.0,0.0,0.0,0.0,0.0,0.0,0.0,0.07142899999999999,-0.0016698546,0.011236560999999999
193,1385,6395.0,1,G,T,T,,True,0,0,0.0,0.0,0.0,0.0,0.0,0.0,0.7,0.0,0.010533649,-4.6575409999999995e-05
193,1385,6395.0,0,T,T,T,,True,0,0,1.0,1.0,1.0,1.0,1.0,1.0,0.3,1.0,0.0,0.0
194,1386,6396.0,1,A,G,G,,True,0,0,0.0,0.0,0.0,0.0,0.0,0.076923,0.0,0.0,-0.013847451,-0.0014475637
194,1386,6396.0,0,G,G,G,,True,0,0,1.0,1.0,1.0,1.0,1.0,0.9230799999999999,1.0,1.0,0.0,0.0
195,1403,6413.0,0,A,A,A,,True,0,0,1.0,1.0,1.0,1.0,1.0,0.84615,1.0,1.0,0.0,0.0
195,1403,6413.0,0,G,A,A,,True,0,0,0.0,0.0,0.0,0.0,0.0,0.15385,0.0,0.0,0.013239865,-0.0004401162
196,1468,6478.0,1,G,T,T,,True,0,0,0.0,0.0,0.0,0.0,0.0,0.076923,0.0,0.0,-0.010281205,-0.0008027499
196,1468,6478.0,0,T,T,T,,True,0,0,1.0,1.0,1.0,1.0,1.0,0.9230799999999999,1.0,1.0,0.0,0.0
197,1473,6483.0,1,A,G,G,,True,0,0,0.0,0.25,0.0,0.0,0.0,0.0,0.0,0.0,-0.009735449,-0.0016363119
197,1473,6483.0,0,G,G,G,,True,0,0,1.0,0.75,1.0,1.0,1.0,1.0,1.0,1.0,0.0,0.0
198,1484,6494.0,0,A,A,A,,True,0,0,1.0,1.0,1.0,1.0,1.0,0.9230799999999999,0.9,1.0,0.0,0.0
198,1484,6494.0,0,G,A,A,,True,0,0,0.0,0.0,0.0,0.0,0.0,0.076923,0.1,0.0,0.015560439999999998,-0.00018526846
199,1488,6498.0,0,A,A,A,,True,0,0,1.0,1.0,1.0,1.0,1.0,1.0,1.0,0.9285700000000001,0.0,0.0
199,1488,6498.0,1,G,A,A,,True,0,0,0.0,0.0,0.0,0.0,0.0,0.0,0.0,0.07142899999999999,0.003620036,0.011236560999999999
200,1496,6506.0,0,C,C,C,,True,0,0,1.0,1.0,1.0,1.0,1.0,1.0,1.0,0.85714,0.0,0.0
200,1496,6506.0,0,T,C,C,,True,0,0,0.0,0.0,0.0,0.0,0.0,0.0,0.0,0.14286,-0.005323446000000001,0.014595671000000001
201,1503,6513.0,1,-,A,A,,True,0,0,0.0,0.0,0.076923,0.0,0.0,0.0,0.0,0.0,0.00048243171000000005,-0.00041585391246
201,1503,6513.0,0,A,A,A,,True,0,0,1.0,1.0,0.9230799999999999,1.0,1.0,1.0,1.0,1.0,0.0,0.0
202,1508,6518.0,0,C,T,T,,True,0,0,0.0,0.0,0.0,0.0,0.0,0.0,0.0,0.14286,-0.002610008,0.014651233
202,1508,6518.0,0,T,T,T,,True,0,0,1.0,1.0,1.0,1.0,1.0,1.0,1.0,0.85714,0.0,0.0
203,1529,6539.0,1,A,T,T,,False,0,0,0.043477999999999996,0.083333,0.0,0.0,0.0,0.0,0.0,0.0,-0.01641003,-0.016456989999999998
203,1529,6539.0,0,T,T,T,,False,0,0,0.95652,0.9166700000000001,1.0,1.0,1.0,1.0,1.0,1.0,0.0,0.0
204,1560,6570.0,1,A,C,C,,True,0,0,0.0,0.0,0.0,0.0,0.0,0.076923,0.0,0.0,0.024482860000000002,-0.0009552966
204,1560,6570.0,0,C,C,C,,True,0,0,1.0,1.0,1.0,1.0,1.0,0.9230799999999999,1.0,1.0,0.0,0.0
205,1627,6637.0,0,A,A,A,,True,0,0,1.0,1.0,1.0,1.0,1.0,1.0,1.0,0.85714,0.0,0.0
205,1627,6637.0,1,C,A,A,,True,0,0,0.0,0.0,0.0,0.0,0.0,0.0,0.0,0.14286,0.002818073,0.014909081000000001
206,1629,6639.0,1,A,G,A,,True,0,0,0.0,0.0,0.0,0.0,0.0,0.0,0.0,0.57143,0.003582693,0.027342520000000002
206,1629,6639.0,1,C,G,A,,True,0,0,0.0,0.0,0.0,0.0,0.0,0.0,0.0,0.07142899999999999,0.001939854,0.020019673
206,1629,6639.0,0,G,G,A,,True,0,0,1.0,1.0,1.0,1.0,1.0,1.0,1.0,0.35714,0.0,0.0
207,1630,6640.0,0,A,A,A,,True,0,0,1.0,1.0,1.0,1.0,1.0,1.0,1.0,0.85714,0.0,0.0
207,1630,6640.0,1,C,A,A,,True,0,0,0.0,0.0,0.0,0.0,0.0,0.0,0.0,0.07142899999999999,0.00295445,0.013162766999999999
207,1630,6640.0,1,G,A,A,,True,0,0,0.0,0.0,0.0,0.0,0.0,0.0,0.0,0.07142899999999999,0.005661275,0.013044876
208,1631,6641.0,0,A,A,T,,True,0,0,1.0,1.0,1.0,1.0,1.0,1.0,1.0,0.9285700000000001,0.0,0.0
208,1631,6641.0,0,C,A,T,,True,0,0,0.0,0.0,0.0,0.0,0.0,0.0,0.0,0.07142899999999999,-0.0002098804,0.011350509
209,1632,6642.0,1,-,A,A,,True,0,0,0.0,0.0,0.0,0.0,0.0,0.0,0.0,0.07142899999999999,0.0041005597999999996,0.013642294000000001
209,1632,6642.0,0,A,A,A,,True,0,0,1.0,1.0,1.0,1.0,1.0,0.9230799999999999,1.0,0.78571,0.0,0.0
209,1632,6642.0,1,C,A,A,,True,0,0,0.0,0.0,0.0,0.0,0.0,0.0,0.0,0.07142899999999999,0.0051202339999999995,0.01363136
209,1632,6642.0,1,G,A,A,,True,0,0,0.0,0.0,0.0,0.0,0.0,0.0,0.0,0.07142899999999999,0.0018866089999999996,0.013518767000000001
209,1632,6642.0,1,T,A,A,,True,0,0,0.0,0.0,0.0,0.0,0.0,0.076923,0.0,0.0,0.008756841,0.00783508223
210,1633,6643.0,1,-,A,A,,True,0,0,0.0,0.0,0.0,0.0,0.0,0.0,0.0,0.07142899999999999,0.0009042134,0.015196754
210,1633,6643.0,0,A,A,A,,True,0,0,1.0,1.0,1.0,1.0,1.0,1.0,1.0,0.71429,0.0,0.0
210,1633,6643.0,1,T,A,A,,True,0,0,0.0,0.0,0.0,0.0,0.0,0.0,0.0,0.21429,0.0018597276,0.018030846
211,1634,6644.0,1,-,T,T,,True,0,0,0.0,0.0,0.0,0.0,0.0,0.0,0.0,0.07142899999999999,0.0041585358,0.010397237
211,1634,6644.0,1,A,T,T,,True,0,0,0.0,0.0,0.0,0.0,0.0,0.076923,0.0,0.0,0.008696364,0.0045059374
211,1634,6644.0,0,T,T,T,,True,0,0,1.0,1.0,1.0,1.0,1.0,0.9230799999999999,1.0,0.9285700000000001,0.0,0.0
212,1635,6645.0,1,-,A,A,,True,0,0,0.0,0.0,0.0,0.0,0.0,0.0,0.0,0.07142899999999999,0.0046502478,0.010567682
212,1635,6645.0,0,A,A,A,,True,0,0,1.0,1.0,1.0,1.0,1.0,0.9230799999999999,1.0,0.9285700000000001,0.0,0.0
212,1635,6645.0,0,T,A,A,,True,0,0,0.0,0.0,0.0,0.0,0.0,0.076923,0.0,0.0,0.009326059000000001,0.00477433429
213,1636,6646.0,1,-,A,T,,True,0,0,0.0,0.0,0.0,0.0,0.0,0.076923,0.0,0.07142899999999999,0.009486482000000001,0.009749952
213,1636,6646.0,0,A,A,T,,True,0,0,1.0,1.0,1.0,1.0,1.0,0.9230799999999999,1.0,0.9285700000000001,0.0,0.0
214,1637,6647.0,1,-,T,-,,True,0,0,0.0,0.0,0.0,0.0,0.0,0.076923,0.0,0.07142899999999999,0.008995761,0.009579851
214,1637,6647.0,0,T,T,-,,True,0,0,1.0,1.0,1.0,1.0,1.0,0.9230799999999999,1.0,0.9285700000000001,0.0,0.0
215,1647,6657.0,1,-,C,A,,True,0,0,0.0,0.0,0.0,0.0,0.0,0.0,0.0,0.07142899999999999,-0.000774458,0.011122507
215,1647,6657.0,0,C,C,A,,True,0,0,1.0,1.0,1.0,1.0,1.0,1.0,1.0,0.9285700000000001,0.0,0.0
216,1648,6658.0,1,-,C,A,,True,0,0,0.0,0.0,0.0,0.0,0.0,0.0,0.0,0.07142899999999999,-0.000774458,0.011122507
216,1648,6658.0,0,C,C,A,,True,0,0,1.0,1.0,1.0,1.0,1.0,1.0,1.0,0.9285700000000001,0.0,0.0
217,1649,6659.0,1,-,C,C,,True,0,0,0.0,0.0,0.0,0.0,0.0,0.0,0.0,0.07142899999999999,-0.000774458,0.011122507
217,1649,6659.0,0,C,C,C,,True,0,0,1.0,1.0,1.0,1.0,1.0,1.0,1.0,0.9285700000000001,0.0,0.0
218,1651,6661.0,1,C,T,A,,True,0,0,0.0,0.0,0.0,0.0,0.0,0.0,0.0,0.07142899999999999,-0.0007245368000000001,0.010938979000000001
218,1651,6661.0,0,T,T,A,,True,0,0,1.0,1.0,1.0,1.0,1.0,1.0,1.0,0.9285700000000001,0.0,0.0
219,1653,6663.0,0,A,A,A,,True,0,0,1.0,1.0,1.0,1.0,1.0,1.0,1.0,0.9285700000000001,0.0,0.0
219,1653,6663.0,1,G,A,A,,True,0,-1,0.0,0.0,0.0,0.0,0.0,0.0,0.0,0.07142899999999999,1.2333199999999999e-05,0.011236560999999999
220,1657,6667.0,0,A,A,A,,True,0,0,1.0,1.0,1.0,1.0,1.0,1.0,1.0,0.9285700000000001,0.0,0.0
220,1657,6667.0,1,G,A,A,,True,0,0,0.0,0.0,0.0,0.0,0.0,0.0,0.0,0.07142899999999999,0.003620036,0.011236560999999999
221,1662,6672.0,1,A,G,A,,True,0,0,0.0,0.0,0.0,0.0,0.0,0.076923,0.0,0.0,0.02376514,-0.0014475637
221,1662,6672.0,0,G,G,A,,True,0,0,1.0,1.0,1.0,1.0,1.0,0.9230799999999999,1.0,1.0,0.0,0.0
222,1666,6676.0,1,A,G,A,,True,0,0,0.0,0.0,0.0,0.0,0.0,0.0,0.0,0.21429,-0.0004990604,0.016823347
222,1666,6676.0,0,G,G,A,,True,0,0,1.0,1.0,1.0,1.0,1.0,1.0,1.0,0.78571,0.0,0.0
223,1667,6677.0,1,A,T,T,,True,0,0,0.0,0.0,0.0,0.0,0.0,0.0,0.0,0.07142899999999999,0.003954924,0.015029588
223,1667,6677.0,1,G,T,T,,True,0,0,0.0,0.0,0.0,0.0,0.0,0.0,0.0,0.21429,0.0025780255,0.017929702999999998
223,1667,6677.0,0,T,T,T,,True,0,0,1.0,1.0,1.0,1.0,1.0,1.0,1.0,0.71429,0.0,0.0
224,1673,6683.0,0,C,C,A,,True,0,0,1.0,1.0,1.0,1.0,1.0,1.0,1.0,0.9285700000000001,0.0,0.0
224,1673,6683.0,0,T,C,A,,True,0,0,0.0,0.0,0.0,0.0,0.0,0.0,0.0,0.07142899999999999,-0.002618125,0.010853607
225,1688,6698.0,0,C,T,T,,True,0,0,0.0,0.0,0.0,0.0,0.0,0.0,0.0,0.07142899999999999,0.00022954939,0.010938979000000001
225,1688,6698.0,0,T,T,T,,True,0,0,1.0,1.0,1.0,1.0,1.0,1.0,1.0,0.9285700000000001,0.0,0.0
226,1695,6705.0,0,A,A,A,,False,0,0,1.0,1.0,1.0,1.0,1.0,1.0,1.0,0.35714,0.0,0.0
226,1695,6705.0,1,G,A,A,,False,0,0,0.0,0.0,0.0,0.0,0.0,0.0,0.0,0.64286,0.004976713,0.02864502
227,1697,6707.0,1,A,G,A,,False,0,0,0.0,0.0,0.0,0.0,0.0,0.076923,0.0,0.0,0.027727790000000002,-0.0014475637
227,1697,6707.0,0,G,G,A,,False,0,0,1.0,1.0,1.0,1.0,1.0,0.9230799999999999,1.0,1.0,0.0,0.0
228,1710,6720.0,0,A,A,A,,False,0,0,1.0,1.0,1.0,1.0,1.0,1.0,1.0,0.85714,0.0,0.0
228,1710,6720.0,1,C,A,A,,False,0,0,0.0,0.0,0.0,0.0,0.0,0.0,0.0,0.14286,-0.0016289576,0.014909081000000001
229,1712,6722.0,0,A,A,A,,False,0,0,1.0,1.0,1.0,1.0,1.0,1.0,1.0,0.64286,0.0,0.0
229,1712,6722.0,1,C,A,A,,False,0,0,0.0,0.0,0.0,0.0,0.0,0.0,0.0,0.35714,0.004510937,0.02065009
230,1717,6727.0,0,A,A,A,,True,0,0,1.0,1.0,1.0,1.0,1.0,1.0,1.0,0.78571,0.0,0.0
230,1717,6727.0,1,G,A,A,,True,0,0,0.0,0.0,0.0,0.0,0.0,0.0,0.0,0.21429,0.0007391396,0.017071695999999997
231,1719,6729.0,0,A,A,A,,True,0,0,1.0,1.0,1.0,1.0,1.0,1.0,1.0,0.85714,0.0,0.0
231,1719,6729.0,1,C,A,A,,True,0,0,0.0,0.0,0.0,0.0,0.0,0.0,0.0,0.14286,0.002818073,0.014909081000000001
232,1732,6742.0,1,A,G,A,,True,0,0,0.0,0.0,0.0,0.0,0.0,0.076923,0.0,0.0,0.02376514,-0.0014475637
232,1732,6742.0,0,G,G,A,,True,0,0,1.0,1.0,1.0,1.0,1.0,0.9230799999999999,1.0,1.0,0.0,0.0
233,1764,6774.0,0,C,C,C,,True,0,0,0.95652,1.0,1.0,1.0,1.0,1.0,1.0,1.0,0.0,0.0
233,1764,6774.0,1,T,C,C,,True,0,0,0.043477999999999996,0.0,0.0,0.0,0.0,0.0,0.0,0.0,-0.019067467999999997,-0.018544892
234,1782,,0,A,A,-,,True,0,0,1.0,1.0,1.0,1.0,1.0,1.0,1.0,0.71429,0.0,0.0
234,1782,,1,G,A,-,,True,0,0,0.0,0.0,0.0,0.0,0.0,0.0,0.0,0.28570999999999996,0.008998612,0.018899995000000003
235,1795,6787.0,1,A,G,C,,True,0,0,0.0,0.0,0.0,0.0,0.0,0.0,0.1,0.0,-0.0005827422,-0.0005893063
235,1795,6787.0,0,G,G,C,,True,0,0,1.0,1.0,1.0,1.0,1.0,1.0,0.9,1.0,0.0,0.0
236,1798,6790.0,0,A,A,G,,True,0,0,1.0,1.0,1.0,1.0,1.0,1.0,1.0,0.28570999999999996,0.0,0.0
236,1798,6790.0,1,G,A,G,,True,0,1,0.0,0.0,0.0,0.0,0.0,0.0,0.0,0.71429,0.007485732,0.03132259
237,1800,6792.0,0,A,A,G,,True,0,0,1.0,1.0,1.0,1.0,1.0,1.0,1.0,0.9285700000000001,0.0,0.0
237,1800,6792.0,1,G,A,G,,True,0,0,0.0,0.0,0.0,0.0,0.0,0.0,0.0,0.07142899999999999,1.2333199999999999e-05,0.011236560999999999
238,1809,6801.0,0,C,T,T,,False,0,0,0.0,0.0,0.0,0.0,0.0,0.0,0.0,0.07142899999999999,-0.002406725,0.010938979000000001
238,1809,6801.0,0,T,T,T,,False,0,0,1.0,1.0,1.0,1.0,1.0,1.0,1.0,0.9285700000000001,0.0,0.0
239,1812,6804.0,0,A,A,A,,True,0,0,1.0,1.0,1.0,1.0,1.0,1.0,0.3,1.0,0.0,0.0
239,1812,6804.0,1,G,A,A,,True,0,0,0.0,0.0,0.0,0.0,0.0,0.0,0.7,0.0,0.011007901,-7.065999999999807e-09
240,1816,6808.0,0,A,A,A,,False,0,0,1.0,1.0,1.0,1.0,1.0,1.0,1.0,0.9285700000000001,0.0,0.0
240,1816,6808.0,1,C,A,A,,False,0,0,0.0,0.0,0.0,0.0,0.0,0.0,0.0,0.07142899999999999,0.0018836136000000001,0.011350509
241,1823,6815.0,0,A,G,T,,False,0,0,0.0,0.0,0.0,0.0,0.0,0.0,0.0,0.07142899999999999,0.002381836,0.010736519
241,1823,6815.0,0,G,G,T,,False,0,0,1.0,1.0,1.0,1.0,1.0,1.0,1.0,0.9285700000000001,0.0,0.0
242,1831,6823.0,0,C,C,C,,False,0,0,1.0,1.0,0.9230799999999999,1.0,1.0,1.0,1.0,1.0,0.0,0.0
242,1831,6823.0,1,T,C,C,,False,0,0,0.0,0.0,0.076923,0.0,0.0,0.0,0.0,0.0,-0.010985388,-0.0016112613
243,1865,6857.0,0,C,T,C,,True,0,0,0.0,0.0,0.0,0.0,0.0,0.0,0.0,0.07142899999999999,-0.002406725,0.010938979000000001
243,1865,6857.0,0,T,T,C,,True,0,0,1.0,1.0,1.0,1.0,1.0,1.0,1.0,0.9285700000000001,0.0,0.0
244,1915,6907.0,0,G,G,G,,False,0,0,0.95652,1.0,1.0,1.0,1.0,1.0,1.0,1.0,0.0,0.0
244,1915,6907.0,1,T,G,G,,False,0,0,0.043477999999999996,0.0,0.0,0.0,0.0,0.0,0.0,0.0,-0.019768723,-0.017996232
245,1926,6918.0,1,A,G,A,,True,0,1,0.0,0.0,0.0,0.0,0.0,0.0,0.0,0.35714,0.009023737,0.020444900000000002
245,1926,6918.0,0,G,G,A,,True,0,0,1.0,1.0,1.0,1.0,1.0,1.0,1.0,0.64286,0.0,0.0
246,1955,6947.0,1,G,T,T,,True,0,-1,0.0,0.0,0.0,0.0,0.0,0.076923,0.0,0.0,0.02469775,-0.0008027499
246,1955,6947.0,0,T,T,T,,True,0,0,1.0,1.0,1.0,1.0,1.0,0.9230799999999999,1.0,1.0,0.0,0.0
247,2052,7044.0,1,G,T,T,,True,0,0,0.0,0.0,0.0,0.0,0.0,0.0,0.0,0.14286,0.0022089835,0.014748995
247,2052,7044.0,0,T,T,T,,True,0,0,1.0,1.0,1.0,1.0,1.0,1.0,1.0,0.85714,0.0,0.0
248,2053,7045.0,1,C,T,C,,True,0,0,0.0,0.0,0.0,0.0,0.0,0.0,0.0,0.78571,0.006979616,0.03439631
248,2053,7045.0,0,T,T,C,,True,0,0,1.0,1.0,1.0,1.0,1.0,1.0,1.0,0.21429,0.0,0.0
249,2066,7058.0,1,-,A,A,,True,0,-1,0.0,0.0,0.0,0.0,0.0,0.0,0.0,0.07142899999999999,-0.00019184299999999997,0.011357793000000001
249,2066,7058.0,0,A,A,A,,True,0,0,1.0,1.0,1.0,1.0,1.0,1.0,1.0,0.9285700000000001,0.0,0.0
250,2067,7059.0,1,-,A,A,,True,0,0,0.0,0.0,0.0,0.0,0.0,0.0,0.0,0.07142899999999999,-0.00019184299999999997,0.011357793000000001
250,2067,7059.0,0,A,A,A,,True,0,0,1.0,1.0,1.0,1.0,1.0,1.0,1.0,0.9285700000000001,0.0,0.0
251,2068,7060.0,1,-,A,A,,True,0,0,0.0,0.0,0.0,0.0,0.0,0.0,0.0,0.07142899999999999,-0.00019184299999999997,0.011357793000000001
251,2068,7060.0,0,A,A,A,,True,0,0,1.0,1.0,1.0,1.0,1.0,1.0,1.0,0.9285700000000001,0.0,0.0
252,2069,7061.0,1,-,C,C,,True,0,0,0.0,0.0,0.0,0.0,0.0,0.0,0.0,0.07142899999999999,-0.000774458,0.011122507
252,2069,7061.0,0,C,C,C,,True,0,0,1.0,1.0,1.0,1.0,1.0,1.0,1.0,0.9285700000000001,0.0,0.0
253,2100,7092.0,1,A,G,G,,True,0,0,0.0,0.0,0.0,0.0,0.0,0.0,0.0,0.5,0.004239237,0.024104189999999998
253,2100,7092.0,0,G,G,G,,True,0,0,1.0,1.0,1.0,1.0,1.0,1.0,1.0,0.5,0.0,0.0
254,2109,7101.0,1,A,G,G,,True,0,0,0.0,0.0,0.0,0.0,0.0,0.0,0.0,0.14286,0.0013236034000000002,0.014516292
254,2109,7101.0,0,G,G,G,,True,0,0,1.0,1.0,1.0,1.0,1.0,1.0,1.0,0.85714,0.0,0.0
255,2144,7136.0,1,-,A,A,,True,0,0,0.0,0.0,0.0,0.0,0.0,0.0,0.1,0.0,0.052610779999999996,-0.00013363089345
255,2144,7136.0,0,A,A,A,,True,0,0,1.0,1.0,1.0,1.0,1.0,1.0,0.9,1.0,0.0,0.0
256,2191,7183.0,0,C,C,C,,False,0,0,1.0,1.0,1.0,1.0,1.0,0.9230799999999999,1.0,1.0,0.0,0.0
256,2191,7183.0,1,T,C,C,,False,0,0,0.0,0.0,0.0,0.0,0.0,0.076923,0.0,0.0,0.011431464,-0.001247944
257,2197,,0,A,A,A,,False,0,0,1.0,1.0,1.0,1.0,1.0,1.0,1.0,0.85714,0.0,0.0
257,2197,,1,C,A,A,,False,0,0,0.0,0.0,0.0,0.0,0.0,0.0,0.0,0.14286,0.00038962005,0.014909081000000001
258,2198,,0,A,A,C,,False,0,0,1.0,1.0,1.0,1.0,1.0,0.9230799999999999,1.0,0.9285700000000001,0.0,0.0
258,2198,,1,C,A,C,,False,0,0,0.0,0.0,0.0,0.0,0.0,0.076923,0.0,0.07142899999999999,0.02498105,0.009747194
259,2208,7197.0,1,A,G,G,,True,0,0,0.0,0.0,0.0,0.0,0.0,0.0,0.0,0.71429,0.011729491,0.03118681
259,2208,7197.0,0,G,G,G,,True,0,0,1.0,1.0,1.0,1.0,1.0,1.0,1.0,0.28570999999999996,0.0,0.0
260,2222,7211.0,0,A,A,A,,False,0,0,1.0,1.0,1.0,1.0,1.0,1.0,1.0,0.85714,0.0,0.0
260,2222,7211.0,0,C,A,A,,False,0,0,0.0,0.0,0.0,0.0,0.0,0.0,0.0,0.14286,0.00038962005,0.014909081000000001
261,2237,7226.0,1,G,T,T,,True,0,0,0.0,0.0,0.0,0.0,0.0,0.0,0.0,0.07142899999999999,-0.0020093446,0.011099458999999999
261,2237,7226.0,0,T,T,T,,True,0,0,1.0,1.0,1.0,1.0,1.0,1.0,1.0,0.9285700000000001,0.0,0.0
262,2238,7227.0,1,A,G,A,,True,0,0,0.0,0.0,0.0,0.0,0.0,0.0,0.0,0.14286,0.0013236034000000002,0.014516292
262,2238,7227.0,0,G,G,A,,True,0,0,1.0,1.0,1.0,1.0,1.0,1.0,1.0,0.85714,0.0,0.0
263,2269,7258.0,1,C,T,T,,False,0,0,0.0,0.0,0.0,0.0,0.0,0.0,0.0,0.07142899999999999,-0.0012289054,0.010938979000000001
263,2269,7258.0,0,T,T,T,,False,0,0,1.0,1.0,1.0,1.0,1.0,1.0,1.0,0.9285700000000001,0.0,0.0
264,2286,7275.0,1,A,G,G,,True,0,0,0.0,0.0,0.0,0.0,0.0,0.0,0.0,0.28570999999999996,0.002278454,0.01869428
264,2286,7275.0,0,G,G,G,,True,0,0,1.0,1.0,1.0,1.0,1.0,1.0,1.0,0.71429,0.0,0.0
265,2287,7276.0,0,A,A,A,,True,0,0,1.0,1.0,1.0,1.0,1.0,1.0,1.0,0.42857,0.0,0.0
265,2287,7276.0,1,C,A,A,,True,0,0,0.0,0.0,0.0,0.0,0.0,0.0,0.0,0.35714,0.005923683,0.023501479999999998
265,2287,7276.0,1,G,A,A,,True,0,0,0.0,0.0,0.0,0.0,0.0,0.0,0.0,0.21429,0.00503581,0.021697658
266,2308,7297.0,0,C,C,C,,True,0,0,1.0,1.0,1.0,1.0,1.0,0.9230799999999999,1.0,1.0,0.0,0.0
266,2308,7297.0,1,T,C,C,,True,0,-1,0.0,0.0,0.0,0.0,0.0,0.076923,0.0,0.0,0.02407062,-0.001247944
267,2340,7329.0,0,C,C,C,,True,0,0,0.95652,0.9166700000000001,0.9230799999999999,1.0,1.0,0.69231,0.1,0.42857,0.0,0.0
267,2340,7329.0,0,T,C,C,,True,0,0,0.043477999999999996,0.083333,0.076923,0.0,0.0,0.30769,0.9,0.57143,0.025019510000000002,0.018956426999999998
268,2355,7344.0,0,C,C,C,,False,0,0,1.0,1.0,1.0,1.0,1.0,0.9230799999999999,1.0,1.0,0.0,0.0
268,2355,7344.0,1,T,C,C,,False,0,0,0.0,0.0,0.0,0.0,0.0,0.076923,0.0,0.0,0.007917097,-0.001247944
269,2381,7370.0,0,C,T,T,,False,0,0,0.0,0.0,0.0,0.0,0.0,0.076923,0.0,0.0,0.008128497,-0.0010978742
269,2381,7370.0,0,T,T,T,,False,0,0,1.0,1.0,1.0,1.0,1.0,0.9230799999999999,1.0,1.0,0.0,0.0
270,2416,7405.0,0,C,C,C,,True,0,0,1.0,1.0,1.0,1.0,1.0,1.0,0.9,1.0,0.0,0.0
270,2416,7405.0,1,T,C,C,,True,0,-1,0.0,0.0,0.0,0.0,0.0,0.0,0.1,0.0,-0.0009895588,-0.0004991885
271,2424,7413.0,0,-,-,A,,True,0,0,1.0,1.0,1.0,1.0,1.0,1.0,1.0,0.57143,0.0,0.0
271,2424,7413.0,1,G,-,A,,True,0,1,0.0,0.0,0.0,0.0,0.0,0.0,0.0,0.42857,0.0013916009,0.0224519
272,2425,7414.0,0,-,-,T,,True,0,0,1.0,1.0,1.0,1.0,1.0,1.0,1.0,0.57143,0.0,0.0
272,2425,7414.0,1,A,-,T,,True,0,1,0.0,0.0,0.0,0.0,0.0,0.0,0.0,0.42857,0.0012939509,0.02243913
273,2426,7415.0,0,-,-,A,,True,0,0,1.0,1.0,1.0,1.0,1.0,1.0,1.0,0.57143,0.0,0.0
273,2426,7415.0,1,G,-,A,,True,0,1,0.0,0.0,0.0,0.0,0.0,0.0,0.0,0.42857,0.0013916009,0.0224519
274,2427,7416.0,0,-,-,A,,True,0,0,1.0,1.0,1.0,1.0,1.0,1.0,1.0,0.57143,0.0,0.0
274,2427,7416.0,1,A,-,A,,True,0,1,0.0,0.0,0.0,0.0,0.0,0.0,0.0,0.35714,-0.0009062802,0.02156761
274,2427,7416.0,1,T,-,A,,True,0,1,0.0,0.0,0.0,0.0,0.0,0.0,0.0,0.07142899999999999,0.0028146837999999995,0.016991964999999998
275,2428,7417.0,0,-,-,T,,True,0,0,1.0,1.0,1.0,1.0,1.0,1.0,1.0,0.57143,0.0,0.0
275,2428,7417.0,1,C,-,T,,True,0,1,0.0,0.0,0.0,0.0,0.0,0.0,0.0,0.42857,0.0013860208999999998,0.02245117
276,2429,7418.0,0,-,-,-,,True,0,0,1.0,1.0,1.0,1.0,1.0,1.0,1.0,0.57143,0.0,0.0
276,2429,7418.0,1,A,-,-,,True,0,1,0.0,0.0,0.0,0.0,0.0,0.0,0.0,0.42857,0.0012939509,0.02243913
277,2430,7419.0,0,-,-,-,,True,0,0,1.0,1.0,1.0,1.0,1.0,1.0,1.0,0.57143,0.0,0.0
277,2430,7419.0,1,A,-,-,,True,0,0,0.0,0.0,0.0,0.0,0.0,0.0,0.0,0.07142899999999999,0.0027838387999999997,0.016979509
277,2430,7419.0,1,T,-,-,,True,0,0,0.0,0.0,0.0,0.0,0.0,0.0,0.0,0.35714,-0.0008376152,0.02157755
278,2431,7420.0,0,-,-,-,,True,0,0,1.0,1.0,1.0,1.0,1.0,1.0,1.0,0.57143,0.0,0.0
278,2431,7420.0,1,C,-,-,,True,0,0,0.0,0.0,0.0,0.0,0.0,0.0,0.0,0.35714,-0.0008250602000000001,0.02157937
278,2431,7420.0,1,G,-,-,,True,0,0,0.0,0.0,0.0,0.0,0.0,0.0,0.0,0.07142899999999999,0.0028194887999999996,0.016993906
279,2432,7421.0,0,-,-,-,,True,0,0,1.0,1.0,1.0,1.0,1.0,1.0,1.0,0.57143,0.0,0.0
279,2432,7421.0,1,A,-,-,,True,0,0,0.0,0.0,0.0,0.0,0.0,0.0,0.0,0.42857,0.0012939509,0.02243913
280,2433,7422.0,0,-,-,-,,True,0,0,1.0,1.0,1.0,1.0,1.0,1.0,1.0,0.57143,0.0,0.0
280,2433,7422.0,1,A,-,-,,True,0,0,0.0,0.0,0.0,0.0,0.0,0.0,0.0,0.35714,-0.0009062802,0.02156761
280,2433,7422.0,1,T,-,-,,True,0,0,0.0,0.0,0.0,0.0,0.0,0.0,0.0,0.07142899999999999,0.0028146837999999995,0.016991964999999998
281,2434,7423.0,0,-,-,-,,True,0,0,1.0,1.0,1.0,1.0,1.0,1.0,1.0,0.57143,0.0,0.0
281,2434,7423.0,1,A,-,-,,True,0,0,0.0,0.0,0.0,0.0,0.0,0.0,0.0,0.35714,-0.0009062802,0.02156761
281,2434,7423.0,1,T,-,-,,True,0,0,0.0,0.0,0.0,0.0,0.0,0.0,0.0,0.07142899999999999,0.0028146837999999995,0.016991964999999998
282,2435,7424.0,0,-,-,-,,True,0,0,1.0,1.0,1.0,1.0,1.0,1.0,1.0,0.57143,0.0,0.0
282,2435,7424.0,1,G,-,-,,True,0,0,0.0,0.0,0.0,0.0,0.0,0.0,0.0,0.07142899999999999,0.0028001138,0.016986081
282,2435,7424.0,1,T,-,-,,True,0,0,0.0,0.0,0.0,0.0,0.0,0.0,0.0,0.35714,-0.0008396302000000001,0.02157726
283,2436,7425.0,0,-,-,-,,True,0,0,1.0,1.0,1.0,1.0,1.0,1.0,1.0,0.9285700000000001,0.0,0.0
283,2436,7425.0,1,T,-,-,,True,0,0,0.0,0.0,0.0,0.0,0.0,0.0,0.0,0.07142899999999999,0.004392107,0.011548359000000001
284,2437,7426.0,0,-,-,-,,True,0,0,1.0,1.0,1.0,1.0,1.0,1.0,1.0,0.9285700000000001,0.0,0.0
284,2437,7426.0,1,T,-,-,,True,0,0,0.0,0.0,0.0,0.0,0.0,0.0,0.0,0.07142899999999999,0.004392107,0.011548359000000001
285,2438,7427.0,0,-,-,-,,True,0,0,1.0,1.0,1.0,1.0,1.0,1.0,1.0,0.9285700000000001,0.0,0.0
285,2438,7427.0,1,T,-,-,,True,0,0,0.0,0.0,0.0,0.0,0.0,0.0,0.0,0.07142899999999999,0.004392107,0.011548359000000001
286,2442,7431.0,0,-,-,-,,True,0,0,1.0,1.0,1.0,1.0,1.0,1.0,1.0,0.9285700000000001,0.0,0.0
286,2442,7431.0,1,A,-,-,,True,0,1,0.0,0.0,0.0,0.0,0.0,0.0,0.0,0.07142899999999999,0.004379087,0.011543101
287,2443,7432.0,0,-,-,-,,True,0,0,1.0,1.0,1.0,1.0,1.0,1.0,1.0,0.9285700000000001,0.0,0.0
287,2443,7432.0,1,A,-,-,,True,0,1,0.0,0.0,0.0,0.0,0.0,0.0,0.0,0.07142899999999999,0.004379087,0.011543101
288,2444,7433.0,0,-,-,-,,True,0,0,1.0,1.0,1.0,1.0,1.0,1.0,1.0,0.9285700000000001,0.0,0.0
288,2444,7433.0,1,T,-,-,,True,0,1,0.0,0.0,0.0,0.0,0.0,0.0,0.0,0.07142899999999999,0.004392107,0.011548359000000001
289,2445,7434.0,0,-,-,-,,True,0,0,1.0,1.0,1.0,1.0,1.0,1.0,1.0,0.57143,0.0,0.0
289,2445,7434.0,1,C,-,-,,True,0,0,0.0,0.0,0.0,0.0,0.0,0.0,0.0,0.42857,0.0013860208999999998,0.02245117
290,2446,7435.0,0,-,-,-,,True,0,0,1.0,1.0,1.0,1.0,1.0,1.0,1.0,0.57143,0.0,0.0
290,2446,7435.0,1,A,-,-,,True,0,0,0.0,0.0,0.0,0.0,0.0,0.0,0.0,0.42857,0.0012939509,0.02243913
291,2447,7436.0,0,-,-,-,,True,0,0,1.0,1.0,1.0,1.0,1.0,1.0,1.0,0.57143,0.0,0.0
291,2447,7436.0,1,T,-,-,,True,0,0,0.0,0.0,0.0,0.0,0.0,0.0,0.0,0.42857,0.0013720708999999998,0.02244935
292,2448,7437.0,0,-,-,-,,True,0,0,1.0,1.0,1.0,1.0,1.0,1.0,1.0,0.57143,0.0,0.0
292,2448,7437.0,1,A,-,-,,True,0,0,0.0,0.0,0.0,0.0,0.0,0.0,0.0,0.42857,0.0012939509,0.02243913
293,2449,7438.0,0,-,-,-,,True,0,0,1.0,1.0,1.0,1.0,1.0,1.0,1.0,0.57143,0.0,0.0
293,2449,7438.0,1,C,-,-,,True,0,0,0.0,0.0,0.0,0.0,0.0,0.0,0.0,0.42857,0.0013860208999999998,0.02245117
294,2450,7439.0,0,-,-,-,,True,0,0,1.0,1.0,1.0,1.0,1.0,1.0,1.0,0.57143,0.0,0.0
294,2450,7439.0,1,A,-,-,,True,0,0,0.0,0.0,0.0,0.0,0.0,0.0,0.0,0.42857,0.0012939509,0.02243913
295,2451,7440.0,0,-,-,A,,True,0,0,1.0,1.0,1.0,1.0,1.0,1.0,1.0,0.57143,0.0,0.0
295,2451,7440.0,1,T,-,A,,True,0,0,0.0,0.0,0.0,0.0,0.0,0.0,0.0,0.42857,0.0013720708999999998,0.02244935
296,2452,7441.0,0,-,-,C,,True,0,0,1.0,1.0,1.0,1.0,1.0,1.0,1.0,0.57143,0.0,0.0
296,2452,7441.0,1,T,-,C,,True,0,0,0.0,0.0,0.0,0.0,0.0,0.0,0.0,0.42857,0.0013720708999999998,0.02244935
297,2453,7442.0,0,-,-,T,,True,0,0,1.0,1.0,1.0,1.0,1.0,1.0,1.0,0.57143,0.0,0.0
297,2453,7442.0,1,T,-,T,,True,0,0,0.0,0.0,0.0,0.0,0.0,0.0,0.0,0.42857,0.0013720708999999998,0.02244935
298,2454,7443.0,0,-,-,A,,True,0,0,1.0,1.0,1.0,1.0,1.0,1.0,1.0,0.57143,0.0,0.0
298,2454,7443.0,1,A,-,A,,True,0,1,0.0,0.0,0.0,0.0,0.0,0.0,0.0,0.42857,0.0012939509,0.02243913
299,2455,7444.0,0,-,-,A,,True,0,0,1.0,1.0,1.0,1.0,1.0,1.0,1.0,0.57143,0.0,0.0
299,2455,7444.0,1,A,-,A,,True,0,1,0.0,0.0,0.0,0.0,0.0,0.0,0.0,0.42857,0.0012939509,0.02243913
300,2456,7445.0,0,-,-,T,,True,0,0,1.0,1.0,1.0,1.0,1.0,1.0,1.0,0.57143,0.0,0.0
300,2456,7445.0,1,T,-,T,,True,0,1,0.0,0.0,0.0,0.0,0.0,0.0,0.0,0.42857,0.0013720708999999998,0.02244935
301,2466,7455.0,1,A,G,A,,True,0,0,0.0,0.0,0.0,0.0,0.0,0.0,0.0,0.28570999999999996,0.0045803960000000005,0.01869428
301,2466,7455.0,0,G,G,A,,True,0,0,1.0,1.0,1.0,1.0,1.0,1.0,1.0,0.71429,0.0,0.0
302,2467,7456.0,0,A,A,A,,True,0,0,1.0,1.0,1.0,1.0,1.0,1.0,1.0,0.78571,0.0,0.0
302,2467,7456.0,1,C,A,A,,True,0,0,0.0,0.0,0.0,0.0,0.0,0.0,0.0,0.14286,0.005982404,0.016029495999999997
302,2467,7456.0,1,G,A,A,,True,0,0,0.0,0.0,0.0,0.0,0.0,0.0,0.0,0.07142899999999999,0.007179282,0.014163927
303,2469,7458.0,1,A,G,G,,True,0,0,0.0,0.0,0.0,0.0,0.0,0.076923,0.0,0.78571,0.02555802,0.03285778
303,2469,7458.0,0,G,G,G,,True,0,0,1.0,1.0,1.0,1.0,1.0,0.9230799999999999,1.0,0.21429,0.0,0.0
304,2472,7461.0,1,A,G,A,,True,0,1,0.086957,0.083333,0.076923,0.0,0.0,0.30769,0.9,1.0,0.032914219999999994,0.07080117
304,2472,7461.0,0,G,G,A,,True,0,0,0.91304,0.9166700000000001,0.9230799999999999,1.0,1.0,0.69231,0.1,0.0,0.0,0.0
305,2561,7550.0,1,A,C,C,,True,0,-1,0.0,0.0,0.0,0.0,0.0,0.0,0.1,0.0,0.006171751,-0.00038919763999999997
305,2561,7550.0,0,C,C,C,,True,0,0,1.0,1.0,1.0,1.0,1.0,1.0,0.9,1.0,0.0,0.0
306,2573,7562.0,1,A,C,A,,True,0,0,0.0,0.0,0.0,0.0,0.0,0.0,0.0,0.07142899999999999,-0.0039678856,0.01290667
306,2573,7562.0,0,C,C,A,,True,0,0,1.0,1.0,1.0,1.0,1.0,1.0,1.0,0.85714,0.0,0.0
306,2573,7562.0,0,T,C,A,,True,0,0,0.0,0.0,0.0,0.0,0.0,0.0,0.0,0.07142899999999999,-0.005671567000000001,0.012751385
307,2579,7568.0,0,C,T,T,,True,0,0,0.0,0.0,0.0,0.0,0.0,0.076923,0.0,0.0,0.02428202,-0.0010978742
307,2579,7568.0,0,T,T,T,,True,0,0,1.0,1.0,1.0,1.0,1.0,0.9230799999999999,1.0,1.0,0.0,0.0
308,2603,7592.0,0,G,T,T,,True,0,0,0.0,0.0,0.0,0.0,0.0,0.076923,0.0,0.0,0.008544231999999999,-0.0008027499
308,2603,7592.0,0,T,T,T,,True,0,0,1.0,1.0,1.0,1.0,1.0,0.9230799999999999,1.0,1.0,0.0,0.0
309,2607,7596.0,1,A,G,G,,True,0,0,0.0,0.0,0.076923,0.0,0.0,0.0,0.0,0.0,-0.0034033070000000004,-0.001864108
309,2607,7596.0,0,G,G,G,,True,0,0,1.0,1.0,0.9230799999999999,1.0,1.0,1.0,1.0,1.0,0.0,0.0
310,2613,,1,-,A,-,,True,0,0,0.0,0.0,0.0,0.0,0.0,0.0,0.0,0.42857,0.004651224,0.02237908
310,2613,,0,A,A,-,,True,0,0,1.0,1.0,1.0,1.0,1.0,1.0,1.0,0.57143,0.0,0.0
311,2614,,1,-,A,-,,True,0,0,0.0,0.0,0.0,0.0,0.0,0.0,0.0,0.42857,0.005430381999999999,0.0255151
311,2614,,0,A,A,-,,True,0,0,1.0,1.0,1.0,1.0,1.0,1.0,1.0,0.35714,0.0,0.0
311,2614,,1,G,A,-,,True,0,-1,0.0,0.0,0.0,0.0,0.0,0.0,0.0,0.21429,0.0033854491999999996,0.022857119
312,2615,,1,-,G,-,,True,0,0,0.0,0.0,0.0,0.0,0.0,0.0,0.0,0.42857,0.0048822069999999995,0.025453999999999997
312,2615,,0,G,G,-,,True,0,0,1.0,1.0,1.0,1.0,1.0,1.0,1.0,0.35714,0.0,0.0
312,2615,,1,T,G,-,,True,0,0,0.0,0.0,0.0,0.0,0.0,0.0,0.0,0.21429,0.0030133092,0.022831327
313,2616,,1,-,A,-,,True,0,0,0.0,0.0,0.0,0.0,0.0,0.0,0.0,0.42857,0.004651224,0.02237908
313,2616,,0,A,A,-,,True,0,0,1.0,1.0,1.0,1.0,1.0,1.0,1.0,0.57143,0.0,0.0
314,2617,,1,-,G,A,,True,0,0,0.0,0.0,0.0,0.0,0.0,0.0,0.0,0.42857,0.004896157,0.02545555
314,2617,,1,A,G,A,,True,0,1,0.0,0.0,0.0,0.0,0.0,0.0,0.0,0.21429,0.00233789921,0.02269461
314,2617,,0,G,G,A,,True,0,0,1.0,1.0,1.0,1.0,1.0,1.0,1.0,0.35714,0.0,0.0
315,2618,,1,-,T,A,,True,0,0,0.0,0.0,0.0,0.0,0.0,0.0,0.0,0.42857,0.004221984,0.02232292
315,2618,,0,T,T,A,,True,0,0,1.0,1.0,1.0,1.0,1.0,1.0,1.0,0.57143,0.0,0.0
316,2619,7602.0,1,-,A,A,,True,0,0,0.0,0.0,0.0,0.0,0.0,0.0,0.0,0.28570999999999996,0.005839245999999999,0.018918893
316,2619,7602.0,0,A,A,A,,True,0,0,1.0,1.0,1.0,1.0,1.0,1.0,1.0,0.71429,0.0,0.0
317,2620,7603.0,1,-,A,A,,True,0,0,0.0,0.0,0.0,0.0,0.0,0.0,0.0,0.28570999999999996,0.006618403,0.021602706
317,2620,7603.0,0,A,A,A,,True,0,0,1.0,1.0,1.0,1.0,1.0,1.0,1.0,0.5,0.0,0.0
317,2620,7603.0,1,G,A,A,,True,0,0,0.0,0.0,0.0,0.0,0.0,0.0,0.0,0.21429,0.0039490873,0.020662279
318,2621,7604.0,1,-,T,A,,True,0,0,0.0,0.0,0.0,0.0,0.0,0.0,0.0,0.28570999999999996,0.004833967,0.020602446
318,2621,7604.0,1,G,T,A,,True,0,0,0.0,0.0,0.0,0.0,0.0,0.0,0.0,0.14286,0.0010053802,0.018592622
318,2621,7604.0,0,T,T,A,,True,0,0,1.0,1.0,1.0,1.0,1.0,1.0,1.0,0.57143,0.0,0.0
319,2623,7606.0,1,A,G,A,,True,0,0,0.0,0.0,0.0,0.0,0.0,0.0,0.0,0.28570999999999996,0.0044872950000000005,0.01869428
319,2623,7606.0,0,G,G,A,,True,0,0,1.0,1.0,1.0,1.0,1.0,1.0,1.0,0.71429,0.0,0.0
320,2624,7607.0,1,G,T,A,,True,0,0,0.0,0.0,0.0,0.0,0.0,0.0,0.0,0.28570999999999996,0.005346015,0.018836948
320,2624,7607.0,0,T,T,A,,True,0,0,1.0,1.0,1.0,1.0,1.0,1.0,1.0,0.71429,0.0,0.0
321,2626,7609.0,1,A,G,A,,True,0,0,0.0,0.0,0.0,0.0,0.0,0.0,0.0,0.35714,-0.0015627876000000001,0.020444900000000002
321,2626,7609.0,0,G,G,A,,True,0,0,1.0,1.0,1.0,1.0,1.0,1.0,1.0,0.64286,0.0,0.0
322,2628,7611.0,0,A,A,A,,True,0,0,1.0,1.0,1.0,1.0,1.0,1.0,1.0,0.78571,0.0,0.0
322,2628,7611.0,1,C,A,A,,True,0,-1,0.0,0.0,0.0,0.0,0.0,0.0,0.0,0.21429,0.0009695246,0.017117905000000003
323,2629,7612.0,0,A,A,A,,True,0,0,1.0,1.0,1.0,1.0,1.0,1.0,1.0,0.5,0.0,0.0
323,2629,7612.0,1,G,A,A,,True,0,-1,0.0,0.0,0.0,0.0,0.0,0.0,0.0,0.5,0.009198209,0.024254579999999998
324,2631,7614.0,1,A,C,G,,True,0,1,0.0,0.0,0.0,0.0,0.0,0.0,0.0,0.14286,-0.0024745576,0.014686833
324,2631,7614.0,0,C,C,G,,True,0,0,1.0,1.0,1.0,1.0,1.0,1.0,1.0,0.85714,0.0,0.0
325,2632,7615.0,0,A,A,A,,True,0,0,1.0,1.0,1.0,1.0,1.0,1.0,1.0,0.85714,0.0,0.0
325,2632,7615.0,1,G,A,A,,True,0,1,0.0,0.0,0.0,0.0,0.0,0.0,0.0,0.14286,-0.0018852276,0.014841725
326,2633,7616.0,0,G,G,C,,True,0,0,1.0,1.0,1.0,1.0,1.0,1.0,1.0,0.85714,0.0,0.0
326,2633,7616.0,1,T,G,C,,True,0,1,0.0,0.0,0.0,0.0,0.0,0.0,0.0,0.14286,-0.0023044876000000002,0.014731533
327,2636,7619.0,0,A,A,A,,True,0,0,1.0,1.0,1.0,1.0,0.85714,1.0,1.0,1.0,0.0,0.0
327,2636,7619.0,0,G,A,A,,True,0,0,0.0,0.0,0.0,0.0,0.14286,0.0,0.0,0.0,0.02555387,-0.000554606
328,2640,7623.0,0,A,A,A,,True,0,0,1.0,1.0,1.0,1.0,1.0,1.0,1.0,0.9285700000000001,0.0,0.0
328,2640,7623.0,1,G,A,A,,True,0,0,0.0,0.0,0.0,0.0,0.0,0.0,0.0,0.07142899999999999,-0.0016698546,0.011236560999999999
329,2653,7636.0,0,C,C,G,,False,0,0,1.0,1.0,1.0,0.8333299999999999,1.0,1.0,1.0,1.0,0.0,0.0
329,2653,7636.0,1,T,C,G,,False,0,0,0.0,0.0,0.0,0.16667,0.0,0.0,0.0,0.0,0.00274718,-0.0014108177
330,2663,7646.0,0,C,T,T,,True,0,0,0.043477999999999996,0.083333,0.076923,0.0,0.14286,0.15385,0.0,0.0,-0.015563104000000001,-0.007864569
330,2663,7646.0,0,T,T,T,,True,0,0,0.95652,0.9166700000000001,0.9230799999999999,1.0,0.85714,0.84615,1.0,1.0,0.0,0.0
331,2706,7689.0,1,A,G,G,,False,0,0,0.0,0.0,0.0,0.0,0.0,0.0,0.0,0.07142899999999999,0.004267254999999999,0.010736519
331,2706,7689.0,0,G,G,G,,False,0,0,1.0,1.0,1.0,1.0,1.0,1.0,1.0,0.9285700000000001,0.0,0.0
332,2740,7723.0,0,A,A,A,,False,0,0,1.0,1.0,1.0,1.0,1.0,1.0,1.0,0.9285700000000001,0.0,0.0
332,2740,7723.0,1,G,A,A,,False,0,0,0.0,0.0,0.0,0.0,0.0,0.0,0.0,0.07142899999999999,0.0005542718,0.011236560999999999
333,2767,7750.0,0,A,A,A,,False,0,0,1.0,1.0,1.0,1.0,0.85714,1.0,1.0,1.0,0.0,0.0
333,2767,7750.0,1,C,A,A,,False,0,0,0.0,0.0,0.0,0.0,0.14286,0.0,0.0,0.0,0.0022486704,-0.00034624354
334,2784,7767.0,0,A,A,A,,False,0,0,1.0,1.0,1.0,1.0,1.0,1.0,1.0,0.35714,0.0,0.0
334,2784,7767.0,1,C,A,A,,False,0,0,0.0,0.0,0.0,0.0,0.0,0.0,0.0,0.64286,0.0045069689999999996,0.02865339
335,2793,7776.0,0,A,A,G,,False,0,0,1.0,1.0,0.84615,1.0,0.85714,1.0,1.0,1.0,0.0,0.0
335,2793,7776.0,1,G,A,G,,False,0,0,0.0,0.0,0.15385,0.0,0.14286,0.0,0.0,0.0,0.009067391000000001,-0.0004826561
336,2804,7787.0,0,A,G,G,,False,0,0,0.0,0.0,0.0,0.0,0.0,0.0,0.1,0.0,-0.0008963398,-0.0005893063
336,2804,7787.0,0,G,G,G,,False,0,0,1.0,1.0,1.0,1.0,1.0,1.0,0.9,1.0,0.0,0.0
337,2808,7791.0,0,C,T,T,,False,0,0,0.0,0.0,0.0,0.16667,0.0,0.0,0.0,0.0,0.002958581,-0.0012419479999999999
337,2808,7791.0,0,T,T,T,,False,0,0,1.0,1.0,1.0,0.8333299999999999,1.0,1.0,1.0,1.0,0.0,0.0
338,2810,7793.0,0,A,G,G,,False,0,0,0.0,0.0,0.0,0.0,0.0,0.0,0.0,0.14286,0.0011039916000000001,0.014516292
338,2810,7793.0,0,G,G,G,,False,0,0,1.0,1.0,1.0,1.0,1.0,1.0,1.0,0.85714,0.0,0.0
339,2814,7797.0,1,A,G,G,,False,0,0,0.0,0.0,0.0,0.0,0.0,0.0,0.1,0.0,0.005512193,-0.0005893063
339,2814,7797.0,0,G,G,G,,False,0,0,1.0,1.0,1.0,1.0,1.0,1.0,0.9,1.0,0.0,0.0
340,2841,7824.0,1,G,T,T,,False,0,0,0.13043,0.083333,0.076923,0.16667,0.0,0.0,0.0,0.0,0.0032729659999999995,-0.03488824
340,2841,7824.0,0,T,T,T,,False,0,0,0.8695700000000001,0.9166700000000001,0.9230799999999999,0.8333299999999999,1.0,1.0,1.0,1.0,0.0,0.0
341,2867,7850.0,0,A,A,A,,False,0,0,1.0,1.0,1.0,1.0,1.0,0.9230799999999999,1.0,1.0,0.0,0.0
341,2867,7850.0,0,G,A,A,,False,0,0,0.0,0.0,0.0,0.0,0.0,0.076923,0.0,0.0,-0.009137794000000001,-0.0005685839
342,2921,7904.0,0,A,G,G,,False,0,0,0.0,0.083333,0.23076999999999998,0.16667,0.57143,0.15385,0.1,0.0,0.008853299,-0.0003153457
342,2921,7904.0,0,G,G,G,,False,0,0,1.0,0.9166700000000001,0.76923,0.8333299999999999,0.42857,0.84615,0.9,1.0,0.0,0.0
343,2922,7905.0,1,A,G,G,,False,0,0,0.0,0.0,0.0,0.0,0.0,0.0,0.0,0.28570999999999996,0.0044872950000000005,0.01869428
343,2922,7905.0,0,G,G,G,,False,0,0,1.0,1.0,1.0,1.0,1.0,1.0,1.0,0.71429,0.0,0.0
344,2924,7907.0,0,A,G,G,,False,0,0,0.0,0.0,0.0,0.0,0.0,0.0,0.1,0.0,0.005512193,-0.0005893063
344,2924,7907.0,0,G,G,G,,False,0,0,1.0,1.0,1.0,1.0,1.0,1.0,0.9,1.0,0.0,0.0
345,2966,7949.0,0,A,G,G,,False,0,0,0.0,0.0,0.0,0.0,0.0,0.0,0.0,0.21429,-0.002793963,0.016823347
345,2966,7949.0,0,G,G,G,,False,0,0,1.0,1.0,1.0,1.0,1.0,1.0,1.0,0.78571,0.0,0.0
346,2979,7962.0,1,A,G,G,,False,0,0,0.0,0.0,0.0,0.0,0.0,0.0,0.0,0.07142899999999999,0.004267254999999999,0.010736519
346,2979,7962.0,0,G,G,G,,False,0,0,1.0,1.0,1.0,1.0,1.0,1.0,1.0,0.9285700000000001,0.0,0.0
347,2981,7964.0,0,C,C,C,,False,0,0,1.0,1.0,1.0,1.0,1.0,1.0,1.0,0.78571,0.0,0.0
347,2981,7964.0,0,T,C,C,,False,0,0,0.0,0.0,0.0,0.0,0.0,0.0,0.0,0.21429,-0.00018495038999999998,0.016886349000000002
348,3006,7989.0,1,A,G,G,,False,0,0,0.0,0.0,0.0,0.0,0.0,0.076923,0.0,0.0,0.015804185,-0.0014475637
348,3006,7989.0,0,G,G,G,,False,0,0,1.0,1.0,1.0,1.0,1.0,0.9230799999999999,1.0,1.0,0.0,0.0
349,3009,7992.0,1,A,C,C,,False,0,0,0.0,0.0,0.0,0.0,0.0,0.0,0.1,0.0,-0.0006270287900000001,-0.00038919763999999997
349,3009,7992.0,0,C,C,C,,False,0,0,1.0,1.0,1.0,1.0,1.0,1.0,0.9,1.0,0.0,0.0
350,3013,7996.0,0,A,A,A,,False,0,0,1.0,1.0,1.0,1.0,0.85714,1.0,1.0,1.0,0.0,0.0
350,3013,7996.0,1,G,A,A,,False,0,0,0.0,0.0,0.0,0.0,0.14286,0.0,0.0,0.0,0.0012085321,-0.000554606
351,3026,8009.0,0,C,T,T,,False,0,0,0.0,0.0,0.0,0.0,0.0,0.0,0.0,0.07142899999999999,0.0047685850000000005,0.010938979000000001
351,3026,8009.0,0,T,T,T,,False,0,0,1.0,1.0,1.0,1.0,1.0,1.0,1.0,0.9285700000000001,0.0,0.0
352,3062,8045.0,0,C,T,T,,False,0,0,0.0,0.0,0.0,0.0,0.0,0.0,0.0,0.07142899999999999,-0.002406725,0.010938979000000001
352,3062,8045.0,0,T,T,T,,False,0,0,1.0,1.0,1.0,1.0,1.0,1.0,1.0,0.9285700000000001,0.0,0.0
353,3088,8071.0,0,A,A,A,,True,0,0,1.0,1.0,1.0,1.0,1.0,0.9230799999999999,1.0,1.0,0.0,0.0
353,3088,8071.0,1,G,A,A,,True,0,0,0.0,0.0,0.0,0.0,0.0,0.076923,0.0,0.0,0.012388464,-0.0005685839
354,3099,8082.0,1,A,G,G,,True,0,0,0.043477999999999996,0.083333,0.0,0.0,0.0,0.0,0.0,0.0,-0.016773815,-0.017264323999999998
354,3099,8082.0,0,G,G,G,,True,0,0,0.95652,0.9166700000000001,1.0,1.0,1.0,1.0,1.0,1.0,0.0,0.0
355,3149,8132.0,1,A,T,T,,True,0,0,0.0,0.0,0.0,0.0,0.0,0.0,0.0,0.07142899999999999,0.005147675,0.011092074
355,3149,8132.0,0,T,T,T,,True,0,0,1.0,1.0,1.0,1.0,1.0,1.0,1.0,0.9285700000000001,0.0,0.0
356,3158,8141.0,0,A,A,A,,True,0,0,1.0,1.0,1.0,1.0,1.0,1.0,1.0,0.9285700000000001,0.0,0.0
356,3158,8141.0,0,G,A,A,,True,0,0,0.0,0.0,0.0,0.0,0.0,0.0,0.0,0.07142899999999999,0.003620036,0.011236560999999999
357,3163,8146.0,0,C,C,C,,True,0,0,1.0,1.0,1.0,1.0,1.0,1.0,1.0,0.64286,0.0,0.0
357,3163,8146.0,1,T,C,C,,True,0,0,0.0,0.0,0.0,0.0,0.0,0.0,0.0,0.35714,0.005869298,0.02049389
358,3170,8153.0,0,C,C,C,,False,0,0,1.0,1.0,1.0,1.0,1.0,1.0,0.9,1.0,0.0,0.0
358,3170,8153.0,0,T,C,C,,False,0,0,0.0,0.0,0.0,0.0,0.0,0.0,0.1,0.0,-0.00028571421000000004,-0.0004991885
359,3171,8154.0,0,A,A,A,,True,0,0,1.0,1.0,1.0,1.0,1.0,1.0,1.0,0.9285700000000001,0.0,0.0
359,3171,8154.0,1,G,A,A,,True,0,0,0.0,0.0,0.0,0.0,0.0,0.0,0.0,0.07142899999999999,0.005505454999999999,0.011236560999999999
360,3172,8155.0,1,A,G,G,,True,0,0,0.0,0.0,0.0,0.0,0.0,0.0,0.0,0.21429,-0.0004990604,0.016823347
360,3172,8155.0,0,G,G,G,,True,0,0,1.0,1.0,1.0,1.0,1.0,1.0,1.0,0.78571,0.0,0.0
361,3173,8156.0,1,G,T,G,,True,0,0,0.0,0.0,0.0,0.0,0.0,0.0,0.0,0.21429,-0.0019219126,0.016998257000000003
361,3173,8156.0,0,T,T,G,,True,0,0,1.0,1.0,1.0,1.0,1.0,1.0,1.0,0.78571,0.0,0.0
362,3229,8212.0,1,G,T,T,,False,0,0,0.0,0.0,0.0,0.0,0.0,0.0,0.2,0.0,-0.00013051640000000004,-0.00018147393
362,3229,8212.0,0,T,T,T,,False,0,0,1.0,1.0,1.0,1.0,1.0,1.0,0.8,1.0,0.0,0.0
363,3240,8223.0,0,A,A,A,,False,0,0,1.0,1.0,1.0,1.0,1.0,1.0,0.9,1.0,0.0,0.0
363,3240,8223.0,1,G,A,A,,False,0,0,0.0,0.0,0.0,0.0,0.0,0.0,0.1,0.0,0.0011320179999999998,-0.00021363875
364,3253,8236.0,0,A,A,A,,False,0,0,1.0,1.0,1.0,1.0,1.0,1.0,0.8,1.0,0.0,0.0
364,3253,8236.0,1,C,A,A,,False,0,0,0.0,0.0,0.0,0.0,0.0,0.0,0.2,0.0,0.0013408498000000001,-6.8565835e-05
365,3293,8276.0,0,A,A,A,,False,0,0,1.0,0.9166700000000001,1.0,1.0,1.0,1.0,1.0,1.0,0.0,0.0
365,3293,8276.0,1,G,A,A,,False,0,0,0.0,0.083333,0.0,0.0,0.0,0.0,0.0,0.0,-0.014866975000000001,-0.0007462510000000001
366,3314,8297.0,0,C,C,C,,False,0,0,1.0,1.0,1.0,1.0,1.0,1.0,1.0,0.78571,0.0,0.0
366,3314,8297.0,0,T,C,C,,False,0,0,0.0,0.0,0.0,0.0,0.0,0.0,0.0,0.21429,-0.00018495038999999998,0.016886349000000002
367,3315,8298.0,1,G,T,T,,False,0,0,0.13043,0.083333,0.076923,0.0,0.0,0.076923,0.0,0.0,-0.02242169,-0.03147705
367,3315,8298.0,0,T,T,T,,False,0,0,0.8695700000000001,0.9166700000000001,0.9230799999999999,1.0,1.0,0.9230799999999999,1.0,1.0,0.0,0.0
368,3474,8457.0,2,C,T,T,,False,0,0,0.043477999999999996,0.0,0.0,0.0,0.0,0.0,0.0,0.0,-0.02049024,-0.018340398
368,3474,8457.0,0,T,T,T,,False,0,0,0.95652,1.0,1.0,1.0,1.0,1.0,1.0,1.0,0.0,0.0
369,3481,8464.0,2,A,G,G,,False,0,0,0.043477999999999996,0.0,0.0,0.0,0.0,0.0,0.0,0.0,-0.013924073,-0.018813916
369,3481,8464.0,0,G,G,G,,False,0,0,0.95652,1.0,1.0,1.0,1.0,1.0,1.0,1.0,0.0,0.0
370,3518,8501.0,0,C,C,T,PTEPVPFQL,False,0,0,1.0,1.0,1.0,0.8333299999999999,0.85714,0.69231,0.1,0.21429,0.0,0.0
370,3518,8501.0,1,T,C,T,PTEPVPFQL,False,0,0,0.0,0.0,0.0,0.16667,0.14286,0.30769,0.9,0.78571,0.06395303,0.03429246
371,3519,8502.0,2,A,C,C,PTEPVPFQL,False,0,0,0.0,0.0,0.0,0.0,0.0,0.30769,0.1,0.21429,0.08072645,0.010090696
371,3519,8502.0,0,C,C,C,PTEPVPFQL,False,0,0,1.0,1.0,1.0,1.0,1.0,0.61538,0.9,0.78571,0.0,0.0
371,3519,8502.0,1,T,C,C,PTEPVPFQL,False,0,0,0.0,0.0,0.0,0.0,0.0,0.076923,0.0,0.0,0.06172909,0.0045036861
372,3528,8511.0,0,C,C,C,PTEPVPFQL,False,0,0,1.0,1.0,1.0,1.0,1.0,0.9230799999999999,1.0,1.0,0.0,0.0
372,3528,8511.0,1,T,C,C,PTEPVPFQL,False,0,0,0.0,0.0,0.0,0.0,0.0,0.076923,0.0,0.0,0.042285989999999996,-0.001247944
373,3529,8512.0,1,G,T,T,PTEPVPFQL,False,0,0,0.0,0.0,0.0,0.0,0.0,0.0,0.0,0.07142899999999999,-0.0017965785999999998,0.011099458999999999
373,3529,8512.0,0,T,T,T,PTEPVPFQL,False,0,0,1.0,1.0,1.0,1.0,1.0,1.0,1.0,0.9285700000000001,0.0,0.0
374,3533,8516.0,0,C,C,C,PTEPVPFQL,False,0,0,1.0,1.0,1.0,0.8333299999999999,0.85714,1.0,1.0,1.0,0.0,0.0
374,3533,8516.0,1,T,C,C,PTEPVPFQL,False,0,0,0.0,0.0,0.0,0.16667,0.14286,0.0,0.0,0.0,0.004812185,-0.0010351032
375,3536,8519.0,1,C,T,C,PTEPVPFQL,False,0,0,0.0,0.0,0.0,0.0,0.42857,0.076923,0.0,0.0,0.049613779999999996,-0.0006132146
375,3536,8519.0,0,T,T,C,PTEPVPFQL,False,0,0,1.0,1.0,1.0,1.0,0.57143,0.9230799999999999,1.0,1.0,0.0,0.0
376,3538,8521.0,2,A,T,T,PTEPVPFQL,False,0,0,0.0,0.0,0.0,0.0,0.14286,0.0,0.0,0.0,0.013223396000000002,-0.0006461122
376,3538,8521.0,2,G,T,T,PTEPVPFQL,False,0,0,0.0,0.0,0.0,0.0,0.0,0.076923,0.0,0.0,0.020438729000000003,-0.0006431309999999999
376,3538,8521.0,0,T,T,T,PTEPVPFQL,False,0,0,1.0,1.0,1.0,1.0,0.85714,0.9230799999999999,1.0,1.0,0.0,0.0
377,3570,8553.0,0,A,A,G,,False,0,0,1.0,1.0,1.0,1.0,1.0,1.0,1.0,0.85714,0.0,0.0
377,3570,8553.0,2,G,A,G,,False,0,0,0.0,0.0,0.0,0.0,0.0,0.0,0.0,0.14286,0.002342192,0.014841725
378,3572,8555.0,1,C,T,G,,False,0,0,0.0,0.0,0.0,0.0,0.14286,0.0,0.0,0.0,0.0009632637,-0.0010722817999999999
378,3572,8555.0,0,T,T,G,,False,0,0,1.0,1.0,1.0,1.0,0.85714,1.0,1.0,1.0,0.0,0.0
379,3574,8557.0,1,G,T,C,,False,0,0,0.0,0.0,0.0,0.0,0.14286,0.0,0.0,0.0,0.0013780978999999999,-0.0007840935
379,3574,8557.0,0,T,T,C,,False,0,0,1.0,1.0,1.0,1.0,0.85714,1.0,1.0,1.0,0.0,0.0
380,3604,8587.0,1,A,G,G,,False,0,0,0.0,0.0,0.076923,0.0,0.0,0.0,0.0,0.0,0.0021232759,-0.001864108
380,3604,8587.0,0,G,G,G,,False,0,0,1.0,1.0,0.9230799999999999,1.0,1.0,1.0,1.0,1.0,0.0,0.0
381,3608,8591.0,1,A,G,G,,False,0,0,0.0,0.0,0.0,0.0,0.0,0.076923,0.0,0.0,0.017140941,-0.0014475637
381,3608,8591.0,0,G,G,G,,False,0,0,1.0,1.0,1.0,1.0,1.0,0.9230799999999999,1.0,1.0,0.0,0.0
382,3689,8672.0,0,C,T,T,,False,0,0,0.0,0.0,0.0,0.0,0.0,0.0,0.5,0.42857,0.010900726999999999,0.013423752
382,3689,8672.0,0,T,T,T,,False,0,0,1.0,1.0,1.0,1.0,1.0,1.0,0.5,0.57143,0.0,0.0
383,3721,8704.0,0,A,A,A,,False,0,0,1.0,1.0,1.0,1.0,1.0,1.0,1.0,0.9285700000000001,0.0,0.0
383,3721,8704.0,1,G,A,A,,False,0,0,0.0,0.0,0.0,0.0,0.0,0.0,0.0,0.07142899999999999,-0.003751677,0.011236560999999999
384,3758,8741.0,0,C,T,T,,False,0,0,0.0,0.0,0.0,0.0,0.0,0.0,0.0,0.14286,-0.005112046,0.014651233
384,3758,8741.0,0,T,T,T,,False,0,0,1.0,1.0,1.0,1.0,1.0,1.0,1.0,0.85714,0.0,0.0
385,3795,8778.0,1,A,G,G,,False,0,0,0.0,0.0,0.076923,0.0,0.0,0.0,0.0,0.0,-0.0034033070000000004,-0.001864108
385,3795,8778.0,0,G,G,G,,False,0,0,1.0,1.0,0.9230799999999999,1.0,1.0,1.0,1.0,1.0,0.0,0.0
386,3805,8788.0,1,C,T,T,,False,0,0,0.0,0.0,0.076923,0.0,0.0,0.0,0.0,0.0,0.005394255000000001,-0.0014194578000000001
386,3805,8788.0,0,T,T,T,,False,0,0,1.0,1.0,0.9230799999999999,1.0,1.0,1.0,1.0,1.0,0.0,0.0
387,3806,8789.0,0,A,G,G,,False,0,0,0.0,0.0,0.0,0.0,0.0,0.0,0.0,0.07142899999999999,0.004267254999999999,0.010736519
387,3806,8789.0,0,G,G,G,,False,0,0,1.0,1.0,1.0,1.0,1.0,1.0,1.0,0.9285700000000001,0.0,0.0
388,3857,8840.0,0,C,C,C,,False,0,0,0.95652,1.0,1.0,1.0,1.0,1.0,1.0,1.0,0.0,0.0
388,3857,8840.0,1,T,C,C,,False,0,0,0.043477999999999996,0.0,0.0,0.0,0.0,0.0,0.0,0.0,-0.02516649,-0.018544892
389,3880,8863.0,1,A,G,A,,False,0,0,0.0,0.0,0.0,0.0,0.0,0.0,0.0,0.28570999999999996,0.0044872950000000005,0.01869428
389,3880,8863.0,0,G,G,A,,False,0,0,1.0,1.0,1.0,1.0,1.0,1.0,1.0,0.71429,0.0,0.0
390,3883,,0,A,A,-,,False,0,0,1.0,1.0,1.0,1.0,1.0,1.0,1.0,0.9285700000000001,0.0,0.0
390,3883,,0,C,A,-,,False,0,0,0.0,0.0,0.0,0.0,0.0,0.0,0.0,0.07142899999999999,0.00019125239999999996,0.011350509
391,3890,8867.0,0,A,A,A,,False,0,0,1.0,1.0,1.0,1.0,1.0,1.0,1.0,0.85714,0.0,0.0
391,3890,8867.0,1,G,A,A,,False,0,0,0.0,0.0,0.0,0.0,0.0,0.0,0.0,0.14286,-0.004387266,0.014841725
392,3918,8895.0,0,A,G,G,,False,0,0,0.0,0.0,0.0,0.0,0.0,0.076923,0.0,0.0,0.011150263,-0.0014475637
392,3918,8895.0,0,G,G,G,,False,0,0,1.0,1.0,1.0,1.0,1.0,0.9230799999999999,1.0,1.0,0.0,0.0
393,3933,8910.0,1,G,T,T,,False,0,0,0.0,0.0,0.0,0.0,0.14286,0.0,0.0,0.0,0.003636926,-0.0007840935
393,3933,8910.0,0,T,T,T,,False,0,0,1.0,1.0,1.0,1.0,0.85714,1.0,1.0,1.0,0.0,0.0
394,3934,8911.0,0,A,A,A,,False,0,0,1.0,1.0,1.0,1.0,1.0,1.0,1.0,0.57143,0.0,0.0
394,3934,8911.0,1,G,A,A,,False,0,0,0.0,0.0,0.0,0.0,0.0,0.0,0.0,0.42857,0.009553612999999999,0.022380459999999998
395,3965,8942.0,1,G,T,C,,False,0,0,0.0,0.0,0.0,0.0,0.0,0.0,0.0,0.07142899999999999,0.001491715,0.011099458999999999
395,3965,8942.0,0,T,T,C,,False,0,0,1.0,1.0,1.0,1.0,1.0,1.0,1.0,0.9285700000000001,0.0,0.0
396,3967,8944.0,1,C,T,A,,False,0,0,0.0,0.0,0.0,0.0,0.0,0.0,0.0,0.42857,0.002879702,0.02229196
396,3967,8944.0,0,T,T,A,,False,0,0,1.0,1.0,1.0,1.0,1.0,1.0,1.0,0.57143,0.0,0.0
397,3972,8949.0,0,C,C,T,,False,0,0,1.0,1.0,1.0,1.0,1.0,0.9230799999999999,1.0,1.0,0.0,0.0
397,3972,8949.0,0,T,C,T,,False,0,0,0.0,0.0,0.0,0.0,0.0,0.076923,0.0,0.0,-0.01356625,-0.001247944
398,3994,8971.0,0,G,G,G,,False,0,0,1.0,1.0,1.0,1.0,1.0,1.0,1.0,0.9285700000000001,0.0,0.0
398,3994,8971.0,1,T,G,G,,False,0,0,0.0,0.0,0.0,0.0,0.0,0.0,0.0,0.07142899999999999,0.001425275,0.011072628000000001
399,4012,,0,A,A,G,,False,0,0,0.47826,0.58333,0.38461999999999996,0.33333,0.14286,0.15385,0.0,0.0,0.0,0.0
399,4012,,1,G,A,G,,False,0,0,0.52174,0.41667,0.61538,0.66667,0.85714,0.84615,1.0,1.0,0.05417463,0.05705227
400,4013,,0,A,A,A,,False,0,0,1.0,0.9166700000000001,0.61538,0.8333299999999999,0.42857,0.76923,0.2,1.0,0.0,0.0
400,4013,,1,G,A,A,,False,0,0,0.0,0.083333,0.38461999999999996,0.16667,0.57143,0.23076999999999998,0.8,0.0,0.02841856,2.5171336e-05
401,4015,8989.0,1,A,G,G,,False,0,0,0.043477999999999996,0.0,0.0,0.0,0.0,0.0,0.0,0.0,-0.025444599999999998,-0.018813916
401,4015,8989.0,0,G,G,G,,False,0,0,0.95652,1.0,1.0,1.0,1.0,1.0,1.0,1.0,0.0,0.0
402,4016,8990.0,0,A,A,A,,False,0,0,0.95652,0.9166700000000001,0.9230799999999999,1.0,0.85714,0.84615,1.0,1.0,0.0,0.0
402,4016,8990.0,1,G,A,A,,False,0,0,0.043477999999999996,0.083333,0.076923,0.0,0.14286,0.15385,0.0,0.0,-0.014826544,-0.0075576459999999995
403,4034,9008.0,0,A,A,G,,False,0,0,1.0,1.0,1.0,1.0,1.0,0.84615,0.0,0.14286,0.0,0.0
403,4034,9008.0,1,C,A,G,,False,0,0,0.0,0.0,0.0,0.0,0.0,0.0,0.0,0.57143,0.053340557,0.04595067
403,4034,9008.0,1,G,A,G,,False,0,0,0.0,0.0,0.0,0.0,0.0,0.15385,1.0,0.28570999999999996,0.0844754,0.038210285000000004
404,4036,9010.0,1,A,C,C,,False,0,0,0.26087,0.25,0.0,0.0,0.0,0.0,0.0,0.0,-0.08387191,-0.07616729
404,4036,9010.0,0,C,C,C,,False,0,0,0.7391300000000001,0.75,1.0,1.0,1.0,1.0,1.0,1.0,0.0,0.0
405,4048,9022.0,1,G,T,T,,False,0,0,0.0,0.0,0.0,0.0,0.0,0.0,0.0,0.28570999999999996,-0.0013834417,0.018836948
405,4048,9022.0,0,T,T,T,,False,0,0,1.0,1.0,1.0,1.0,1.0,1.0,1.0,0.71429,0.0,0.0
406,4053,9027.0,0,A,A,A,,False,0,0,1.0,1.0,1.0,1.0,1.0,1.0,0.9,1.0,0.0,0.0
406,4053,9027.0,0,G,A,A,,False,0,0,0.0,0.0,0.0,0.0,0.0,0.0,0.1,0.0,-4.8386779999999994e-05,-0.00021363875
407,4146,9120.0,0,C,T,G,,False,0,0,0.0,0.0,0.0,0.0,0.0,0.0,0.0,0.07142899999999999,0.0010943354,0.010938979000000001
407,4146,9120.0,0,T,T,G,,False,0,0,1.0,1.0,1.0,1.0,1.0,1.0,1.0,0.9285700000000001,0.0,0.0
408,4190,9164.0,0,A,A,A,,False,0,0,0.95652,1.0,1.0,1.0,1.0,1.0,1.0,1.0,0.0,0.0
408,4190,9164.0,1,C,A,A,,False,0,0,0.043477999999999996,0.0,0.0,0.0,0.0,0.0,0.0,0.0,-0.012378414,-0.017318755999999998
409,4203,9177.0,0,C,C,C,,False,0,0,1.0,1.0,1.0,1.0,1.0,0.9230799999999999,1.0,1.0,0.0,0.0
409,4203,9177.0,0,T,C,C,,False,0,0,0.0,0.0,0.0,0.0,0.0,0.076923,0.0,0.0,0.016085384,-0.001247944
410,4245,9219.0,1,A,G,G,,False,0,0,0.0,0.0,0.0,0.0,0.0,0.0,0.1,0.0,-0.0008963398,-0.0005893063
410,4245,9219.0,0,G,G,G,,False,0,0,1.0,1.0,1.0,1.0,1.0,1.0,0.9,1.0,0.0,0.0
411,4274,9248.0,1,A,G,G,,False,0,0,0.0,0.0,0.0,0.0,0.14286,0.0,0.0,0.0,0.0004702351,-0.0014147922999999999
411,4274,9248.0,0,G,G,G,,False,0,0,1.0,1.0,1.0,1.0,0.85714,1.0,1.0,1.0,0.0,0.0
412,4281,9255.0,0,A,A,A,,False,1,0,1.0,1.0,1.0,1.0,1.0,0.9230799999999999,1.0,1.0,0.0,0.0
412,4281,9255.0,0,G,A,A,,False,1,0,0.0,0.0,0.0,0.0,0.0,0.076923,0.0,0.0,0.012388464,-0.0005685839
413,4320,9294.0,0,C,C,C,,False,0,0,1.0,1.0,1.0,1.0,1.0,1.0,1.0,0.85714,0.0,0.0
413,4320,9294.0,0,T,C,C,,False,0,0,0.0,0.0,0.0,0.0,0.0,0.0,0.0,0.14286,0.0014060116,0.014595671000000001
414,4321,9295.0,1,A,C,C,,False,0,0,0.043477999999999996,0.0,0.0,0.0,0.0,0.0,0.0,0.0,-0.02165792,-0.018136728999999997
414,4321,9295.0,0,C,C,C,,False,0,0,0.95652,1.0,1.0,1.0,1.0,1.0,1.0,1.0,0.0,0.0
415,4335,9309.0,1,A,T,T,,False,0,0,0.0,0.0,0.0,0.0,0.0,0.0,0.0,0.14286,0.0019527916,0.014739381
415,4335,9309.0,0,T,T,T,,False,0,0,1.0,1.0,1.0,1.0,1.0,1.0,1.0,0.85714,0.0,0.0
416,4348,9322.0,1,A,G,G,,False,1,0,0.0,0.0,0.076923,0.0,0.0,0.0,0.0,0.0,0.003976676,-0.001864108
416,4348,9322.0,0,G,G,G,,False,1,0,1.0,1.0,0.9230799999999999,1.0,1.0,1.0,1.0,1.0,0.0,0.0
417,4354,9328.0,0,A,A,A,,False,0,0,1.0,1.0,1.0,1.0,1.0,0.84615,1.0,1.0,0.0,0.0
417,4354,9328.0,1,G,A,A,,False,0,0,0.0,0.0,0.0,0.0,0.0,0.15385,0.0,0.0,0.019240817,-0.0004401162
418,4355,9329.0,1,A,G,G,,False,0,0,0.0,0.0,0.0,0.16667,0.42857,0.076923,0.0,0.0,0.05202983,-0.0007498556
418,4355,9329.0,0,G,G,G,,False,0,0,1.0,1.0,1.0,0.8333299999999999,0.57143,0.9230799999999999,1.0,1.0,0.0,0.0
419,4356,9330.0,0,A,A,A,,False,0,0,1.0,0.9166700000000001,1.0,1.0,1.0,1.0,1.0,1.0,0.0,0.0
419,4356,9330.0,0,G,A,A,,False,0,0,0.0,0.083333,0.0,0.0,0.0,0.0,0.0,0.0,0.002473199,-0.0007462510000000001
420,4357,9331.0,1,A,G,G,,False,0,0,0.0,0.0,0.076923,0.0,0.0,0.0,0.0,0.0,-0.0027738856,0.0042697395
420,4357,9331.0,1,C,G,G,,False,0,0,0.0,0.0,0.0,0.0,0.0,0.0,0.0,0.07142899999999999,0.0018523794000000003,0.010906554
420,4357,9331.0,0,G,G,G,,False,0,0,1.0,1.0,0.9230799999999999,1.0,1.0,1.0,1.0,0.9285700000000001,0.0,0.0
421,4359,9333.0,0,A,A,A,,False,0,0,1.0,1.0,1.0,1.0,1.0,0.76923,0.1,0.07142899999999999,0.0,0.0
421,4359,9333.0,1,C,A,A,,False,0,0,0.0,0.0,0.0,0.0,0.0,0.15385,0.1,0.42857,0.0403254,0.038788147
421,4359,9333.0,1,T,A,A,,False,0,0,0.0,0.0,0.0,0.0,0.0,0.076923,0.8,0.5,0.047370880000000004,0.038696967
422,4361,9335.0,1,A,T,T,,False,0,0,0.0,0.0,0.0,0.0,0.28570999999999996,0.15385,0.0,0.0,0.04579828,-0.00044250721
422,4361,9335.0,0,T,T,T,,False,0,0,1.0,1.0,1.0,1.0,0.71429,0.84615,1.0,1.0,0.0,0.0
423,4365,9339.0,0,A,A,A,,False,0,0,1.0,1.0,1.0,1.0,1.0,0.9230799999999999,1.0,1.0,0.0,0.0
423,4365,9339.0,1,C,A,A,,False,0,0,0.0,0.0,0.0,0.0,0.0,0.076923,0.0,0.0,0.02532846,-0.00035501759
424,4367,9341.0,1,A,T,A,,False,0,0,0.0,0.0,0.0,0.0,0.0,0.15385,0.0,0.0,0.08550717,-0.00029931230000000003
424,4367,9341.0,1,C,T,A,,False,0,0,0.0,0.0,0.0,0.0,0.0,0.076923,0.0,0.0,0.08571689,-0.0005680990000000001
424,4367,9341.0,1,G,T,A,,False,0,0,0.0,0.0,0.0,0.0,0.14286,0.076923,0.1,0.0,0.08575925000000001,-0.00020415576
424,4367,9341.0,0,T,T,A,,False,0,0,1.0,1.0,1.0,1.0,0.85714,0.69231,0.9,1.0,0.0,0.0
425,4402,9376.0,1,A,C,A,,False,0,0,0.0,0.0,0.0,0.0,0.0,0.0,0.0,0.07142899999999999,-9.17320000000003e-06,0.011009016
425,4402,9376.0,0,C,C,A,,False,0,0,1.0,1.0,1.0,1.0,1.0,1.0,1.0,0.9285700000000001,0.0,0.0
426,4447,9421.0,0,-,A,A,,False,0,0,0.043477999999999996,0.0,0.0,0.0,0.0,0.0,0.0,0.0,-0.011960018,-0.006352699000000001
426,4447,9421.0,0,A,A,A,,False,0,0,0.95652,1.0,1.0,1.0,1.0,1.0,1.0,0.9285700000000001,0.0,0.0
426,4447,9421.0,0,G,A,A,,False,0,0,0.0,0.0,0.0,0.0,0.0,0.0,0.0,0.07142899999999999,-0.006023445903,0.007696963
427,4448,9422.0,0,-,G,G,,False,0,0,0.043477999999999996,0.0,0.0,0.0,0.0,0.0,0.0,0.0,-0.012958764000000001,-0.017880144
427,4448,9422.0,0,G,G,G,,False,0,0,0.95652,1.0,1.0,1.0,1.0,1.0,1.0,1.0,0.0,0.0
428,4449,9423.0,0,-,A,A,,False,0,0,0.043477999999999996,0.0,0.0,0.0,0.0,0.0,0.0,0.0,-0.012324929,-0.017267017000000003
428,4449,9423.0,0,A,A,A,,False,0,0,0.95652,1.0,1.0,1.0,1.0,1.0,1.0,1.0,0.0,0.0
429,4450,9424.0,0,-,A,A,,False,0,0,0.0,0.0,0.15385,0.0,0.0,0.0,0.0,0.0,0.008355478,-0.00038341131372
429,4450,9424.0,0,A,A,A,,False,0,0,1.0,1.0,0.84615,1.0,1.0,1.0,1.0,1.0,0.0,0.0
430,4451,9425.0,0,-,-,-,,False,0,0,0.95652,1.0,1.0,1.0,1.0,1.0,1.0,1.0,0.0,0.0
430,4451,9425.0,0,G,-,-,,False,0,0,0.043477999999999996,0.0,0.0,0.0,0.0,0.0,0.0,0.0,-0.011865705,-0.016822796
431,4452,9426.0,0,-,-,-,,False,0,0,0.95652,1.0,1.0,1.0,1.0,1.0,1.0,1.0,0.0,0.0
431,4452,9426.0,0,C,-,-,,False,0,0,0.043477999999999996,0.0,0.0,0.0,0.0,0.0,0.0,0.0,-0.011865726,-0.016822816
432,4453,9427.0,0,-,-,-,,False,0,0,0.95652,1.0,0.84615,1.0,1.0,1.0,1.0,1.0,0.0,0.0
432,4453,9427.0,0,T,-,-,,False,0,0,0.043477999999999996,0.0,0.15385,0.0,0.0,0.0,0.0,0.0,-0.0030493309999999997,-0.014170035000000001
433,4471,9445.0,0,A,G,G,,False,0,0,0.043477999999999996,0.0,0.15385,0.0,0.0,0.0,0.0,0.0,-0.005100799,-0.015841882
433,4471,9445.0,0,G,G,G,,False,0,0,0.95652,1.0,0.84615,1.0,1.0,1.0,1.0,1.0,0.0,0.0
434,4474,9448.0,0,-,-,-,,False,0,0,0.95652,1.0,0.84615,1.0,1.0,1.0,1.0,1.0,0.0,0.0
434,4474,9448.0,0,G,-,-,,False,0,0,0.043477999999999996,0.0,0.15385,0.0,0.0,0.0,0.0,0.0,-0.003048805,-0.014169607
435,4475,9449.0,0,-,G,G,,False,0,0,0.043477999999999996,0.0,0.15385,0.0,0.0,0.0,0.0,0.0,-0.004141863,-0.015060397
435,4475,9449.0,0,G,G,G,,False,0,0,0.95652,1.0,0.84615,1.0,1.0,1.0,1.0,1.0,0.0,0.0
436,4476,9450.0,0,-,G,G,,False,0,0,0.043477999999999996,0.0,0.15385,0.0,0.0,0.0,0.0,0.0,-0.004141863,-0.015060397
436,4476,9450.0,0,G,G,G,,False,0,0,0.95652,1.0,0.84615,1.0,1.0,1.0,1.0,1.0,0.0,0.0
437,4478,9452.0,0,A,A,A,,False,0,0,0.95652,1.0,0.84615,1.0,1.0,1.0,1.0,1.0,0.0,0.0
437,4478,9452.0,0,G,A,A,,False,0,0,0.043477999999999996,0.0,0.15385,0.0,0.0,0.0,0.0,0.0,-0.0038625989999999995,-0.014832809999999998
438,4480,9454.0,0,G,T,T,,False,0,0,0.043477999999999996,0.0,0.15385,0.0,0.0,0.0,0.0,0.0,-0.004190911,-0.015100368
438,4480,9454.0,0,T,T,T,,False,0,0,0.95652,1.0,0.84615,1.0,1.0,1.0,1.0,1.0,0.0,0.0
439,4485,,0,-,A,A,,False,0,0,0.043477999999999996,0.0,0.15385,0.0,0.0,0.0,0.0,0.0,-0.00351029,-0.014545696
439,4485,,0,A,A,A,,False,0,0,0.95652,1.0,0.84615,1.0,1.0,1.0,1.0,1.0,0.0,0.0
440,4486,,0,-,C,C,,False,0,0,0.043477999999999996,0.0,0.15385,0.0,0.0,0.0,0.0,0.0,-0.004105773,-0.015030985
440,4486,,0,C,C,C,,False,0,0,0.95652,1.0,0.84615,1.0,1.0,1.0,1.0,1.0,0.0,0.0
441,4487,,0,-,T,T,,False,0,0,0.043477999999999996,0.0,0.15385,0.0,0.0,0.0,0.0,0.0,-0.004015549,-0.014957457
441,4487,,0,T,T,T,,False,0,0,0.95652,1.0,0.84615,1.0,1.0,1.0,1.0,1.0,0.0,0.0
442,4488,,0,-,G,G,,False,0,0,0.043477999999999996,0.0,0.15385,0.0,0.0,0.0,0.0,0.0,-0.004141863,-0.015060397
442,4488,,0,G,G,G,,False,0,0,0.95652,1.0,0.84615,1.0,1.0,1.0,1.0,1.0,0.0,0.0
443,4489,,0,-,G,G,,False,0,0,0.043477999999999996,0.0,0.15385,0.0,0.0,0.0,0.0,0.0,-0.004141863,-0.015060397
443,4489,,0,G,G,G,,False,0,0,0.95652,1.0,0.84615,1.0,1.0,1.0,1.0,1.0,0.0,0.0
444,4490,,0,-,G,G,,False,0,0,0.043477999999999996,0.0,0.15385,0.0,0.0,0.0,0.0,0.0,-0.004141863,-0.015060397
444,4490,,0,G,G,G,,False,0,0,0.95652,1.0,0.84615,1.0,1.0,1.0,1.0,1.0,0.0,0.0
445,4491,,0,-,C,C,,False,0,0,0.043477999999999996,0.0,0.15385,0.0,0.0,0.0,0.0,0.0,-0.004105773,-0.015030985
445,4491,,0,C,C,C,,False,0,0,0.95652,1.0,0.84615,1.0,1.0,1.0,1.0,1.0,0.0,0.0
446,4492,,0,-,G,G,,False,0,0,0.043477999999999996,0.0,0.15385,0.0,0.0,0.0,0.0,0.0,-0.004141863,-0.015060397
446,4492,,0,G,G,G,,False,0,0,0.95652,1.0,0.84615,1.0,1.0,1.0,1.0,1.0,0.0,0.0
447,4493,,0,-,T,T,,False,0,0,0.043477999999999996,0.0,0.15385,0.0,0.0,0.0,0.0,0.0,-0.0026982630000000002,-0.005364392000000001
447,4493,,0,G,T,T,,False,0,0,0.0,0.0,0.0,0.0,0.0,0.0,0.0,0.07142899999999999,-3.0046999999999843e-05,0.007431748
447,4493,,0,T,T,T,,False,0,0,0.95652,1.0,0.84615,1.0,1.0,1.0,1.0,0.9285700000000001,0.0,0.0
448,4494,,0,-,T,T,,False,0,0,0.043477999999999996,0.0,0.15385,0.0,0.0,0.0,0.0,0.0,-0.004015549,-0.014957457
448,4494,,0,T,T,T,,False,0,0,0.95652,1.0,0.84615,1.0,1.0,1.0,1.0,1.0,0.0,0.0
449,4495,,0,-,C,C,,False,0,0,0.043477999999999996,0.0,0.15385,0.0,0.0,0.0,0.0,0.0,-0.004105773,-0.015030985
449,4495,,0,C,C,C,,False,0,0,0.95652,1.0,0.84615,1.0,1.0,1.0,1.0,1.0,0.0,0.0
450,4496,9459.0,0,-,C,C,,False,0,0,0.043477999999999996,0.0,0.15385,0.0,0.0,0.0,0.0,0.0,-0.004105773,-0.015030985
450,4496,9459.0,0,C,C,C,,False,0,0,0.95652,1.0,0.84615,1.0,1.0,1.0,1.0,1.0,0.0,0.0
451,4519,9482.0,0,C,C,C,,False,0,0,1.0,0.75,0.9230799999999999,1.0,1.0,1.0,1.0,1.0,0.0,0.0
451,4519,9482.0,0,T,C,C,,False,0,0,0.0,0.25,0.076923,0.0,0.0,0.0,0.0,0.0,-0.003418052,-0.0013059974999999999
452,4521,9484.0,0,-,-,-,,False,0,0,0.95652,1.0,1.0,1.0,1.0,1.0,1.0,1.0,0.0,0.0
452,4521,9484.0,0,G,-,-,,False,0,0,0.043477999999999996,0.0,0.0,0.0,0.0,0.0,0.0,0.0,-0.01728721,-0.016822796
453,4522,9485.0,0,A,G,G,,False,0,0,0.0,0.083333,0.0,0.0,0.0,0.0,0.0,0.0,-0.02148427,-0.0018776012
453,4522,9485.0,0,G,G,G,,False,0,0,1.0,0.9166700000000001,1.0,1.0,1.0,1.0,1.0,1.0,0.0,0.0
454,4555,9518.0,0,C,C,C,,False,0,0,1.0,1.0,1.0,1.0,1.0,1.0,0.9,1.0,0.0,0.0
454,4555,9518.0,0,T,C,C,,False,0,0,0.0,0.0,0.0,0.0,0.0,0.0,0.1,0.0,0.00019084604999999996,-0.0004991885
455,4575,9538.0,0,G,T,T,,False,0,0,0.086957,0.083333,0.0,0.0,0.0,0.0,0.0,0.0,-0.030930140000000002,-0.031072799999999998
455,4575,9538.0,0,T,T,T,,False,0,0,0.91304,0.9166700000000001,1.0,1.0,1.0,1.0,1.0,1.0,0.0,0.0
456,4583,9546.0,0,C,T,T,,False,0,0,0.0,0.0,0.0,0.0,0.0,0.0,0.0,0.07142899999999999,0.0047685850000000005,0.010938979000000001
456,4583,9546.0,0,T,T,T,,False,0,0,1.0,1.0,1.0,1.0,1.0,1.0,1.0,0.9285700000000001,0.0,0.0
457,4589,9552.0,0,A,T,T,,False,0,0,0.0,0.0,0.076923,0.0,0.0,0.0,0.0,0.0,0.004886519,-0.0010386062
457,4589,9552.0,0,T,T,T,,False,0,0,1.0,1.0,0.9230799999999999,1.0,1.0,1.0,1.0,1.0,0.0,0.0
458,4609,9572.0,0,-,G,G,,False,0,0,0.043477999999999996,0.0,0.0,0.0,0.0,0.0,0.0,0.0,-0.002999461,-0.017880144
458,4609,9572.0,0,G,G,G,,False,0,0,0.95652,1.0,1.0,1.0,1.0,1.0,1.0,1.0,0.0,0.0
459,4610,9573.0,0,-,A,A,,False,0,0,0.043477999999999996,0.0,0.0,0.0,0.0,0.0,0.0,0.0,-0.002365626,-0.017267017000000003
459,4610,9573.0,0,A,A,A,,False,0,0,0.95652,1.0,1.0,1.0,1.0,1.0,1.0,1.0,0.0,0.0
460,4611,9574.0,0,-,G,G,,False,0,0,0.043477999999999996,0.0,0.0,0.0,0.0,0.0,0.0,0.0,-0.002999461,-0.017880144
460,4611,9574.0,0,G,G,G,,False,0,0,0.95652,1.0,1.0,1.0,1.0,1.0,1.0,1.0,0.0,0.0
461,4612,9575.0,0,-,C,C,,False,0,0,0.043477999999999996,0.0,0.0,0.0,0.0,0.0,0.0,0.0,-0.002963241,-0.017845108
461,4612,9575.0,0,C,C,C,,False,0,0,0.95652,1.0,1.0,1.0,1.0,1.0,1.0,1.0,0.0,0.0
462,4613,9576.0,0,-,T,T,,False,0,0,0.043477999999999996,0.0,0.0,0.0,0.0,0.0,0.0,0.0,-0.002872694,-0.017757519
462,4613,9576.0,0,T,T,T,,False,0,0,0.95652,1.0,1.0,1.0,1.0,1.0,1.0,1.0,0.0,0.0
463,4614,9577.0,0,-,C,C,,False,0,0,0.13043,0.0,0.0,0.0,0.0,0.0,0.0,0.0,-0.014809558,-0.04859899
463,4614,9577.0,0,C,C,C,,False,0,0,0.8695700000000001,1.0,1.0,1.0,1.0,1.0,1.0,1.0,0.0,0.0
464,4615,9578.0,0,-,T,T,,False,0,0,0.30435,0.0,0.0,0.0,0.0,0.0,0.0,0.0,-0.030409600000000002,-0.10275867
464,4615,9578.0,0,T,T,T,,False,0,0,0.69565,1.0,1.0,1.0,1.0,1.0,1.0,1.0,0.0,0.0
465,4616,9579.0,0,-,C,C,,False,0,0,0.34783000000000003,0.0,0.0,0.0,0.0,0.0,0.0,0.0,-0.03063979,-0.11549679
465,4616,9579.0,0,C,C,C,,False,0,0,0.65217,1.0,1.0,1.0,1.0,1.0,1.0,1.0,0.0,0.0
466,4617,9580.0,0,-,T,T,,False,0,0,0.34783000000000003,0.0,0.0,0.0,0.0,0.0,0.0,0.0,-0.030549609999999998,-0.11542249
466,4617,9580.0,0,T,T,T,,False,0,0,0.65217,1.0,1.0,1.0,1.0,1.0,1.0,1.0,0.0,0.0
467,4618,9581.0,0,-,G,G,,False,0,0,0.34783000000000003,0.0,0.0,0.0,0.0,0.0,0.0,0.0,-0.03067587,-0.11552651
467,4618,9581.0,0,G,G,G,,False,0,0,0.65217,1.0,1.0,1.0,1.0,1.0,1.0,1.0,0.0,0.0
468,4619,9582.0,0,-,G,G,,False,0,0,0.34783000000000003,0.0,0.0,0.0,0.0,0.0,0.0,0.0,-0.03067587,-0.11552651
468,4619,9582.0,0,G,G,G,,False,0,0,0.65217,1.0,1.0,1.0,1.0,1.0,1.0,1.0,0.0,0.0
469,4620,9583.0,0,-,C,C,,False,0,0,0.34783000000000003,0.0,0.0,0.0,0.0,0.0,0.0,0.0,-0.017713662999999998,-0.10083377
469,4620,9583.0,0,C,C,C,,False,0,0,0.65217,1.0,1.0,1.0,1.0,0.9230799999999999,1.0,1.0,0.0,0.0
469,4620,9583.0,0,T,C,C,,False,0,0,0.0,0.0,0.0,0.0,0.0,0.076923,0.0,0.0,0.009285047,-0.044022392
470,4621,9584.0,0,-,T,T,,False,0,0,0.34783000000000003,0.0,0.0,0.0,0.0,0.0,0.0,0.0,-0.030549609999999998,-0.11542249
470,4621,9584.0,0,T,T,T,,False,0,0,0.65217,1.0,1.0,1.0,1.0,1.0,1.0,1.0,0.0,0.0
471,4622,9585.0,0,-,A,A,,False,0,0,0.34783000000000003,0.0,0.0,0.0,0.0,0.0,0.0,0.0,-0.03004459,-0.11500640000000001
471,4622,9585.0,0,A,A,A,,False,0,0,0.65217,1.0,1.0,1.0,1.0,1.0,1.0,1.0,0.0,0.0
472,4623,9586.0,0,-,T,T,,False,0,0,0.34783000000000003,0.0,0.0,0.16667,0.0,0.0,0.0,0.0,0.0014523077,-0.09558479
472,4623,9586.0,0,T,T,T,,False,0,0,0.65217,1.0,1.0,0.8333299999999999,1.0,1.0,1.0,1.0,0.0,0.0
473,4624,9587.0,0,-,C,C,,False,0,0,0.34783000000000003,0.0,0.0,0.16667,0.0,0.0,0.0,0.0,0.0013625501,-0.09564602999999999
473,4624,9587.0,0,C,C,C,,False,0,0,0.65217,1.0,1.0,0.8333299999999999,1.0,1.0,1.0,1.0,0.0,0.0
474,4625,9588.0,0,-,T,T,,False,0,0,0.3913,0.0,0.0,0.16667,0.0,0.0,0.0,0.0,-0.015834673,-0.10617269
474,4625,9588.0,0,T,T,T,,False,0,0,0.6087,1.0,1.0,0.8333299999999999,1.0,1.0,1.0,1.0,0.0,0.0
475,4626,9589.0,0,-,G,A,,False,0,0,0.3913,0.0,0.0,0.16667,0.0,0.0,0.0,0.0,-0.015960261,-0.10625736999999999
475,4626,9589.0,0,G,G,A,,False,0,0,0.6087,1.0,1.0,0.8333299999999999,1.0,1.0,1.0,1.0,0.0,0.0
476,4627,9590.0,0,-,G,G,,False,0,0,0.3913,0.0,0.0,0.16667,0.0,0.0,0.0,0.0,-0.015960261,-0.10625736999999999
476,4627,9590.0,0,G,G,G,,False,0,0,0.6087,1.0,1.0,0.8333299999999999,1.0,1.0,1.0,1.0,0.0,0.0
