polymorphic_index,alignment_index,HXB2_index,nonsynonymous,nucleotide,TF,consensus,epitope,exposed,edge_gap,flanking,glycan,f_at_0,f_at_21,f_at_77,f_at_179,f_at_438
0,50,840,0,A,G,A,nan,False,False,0,0,0.0000e+00,0.0000e+00,0.0000e+00,0.0000e+00,1.0000e-01
0,50,840,0,G,G,A,nan,False,False,0,0,1.0000e+00,1.0000e+00,1.0000e+00,1.0000e+00,9.0000e-01
1,167,957,0,A,C,C,nan,False,False,0,0,0.0000e+00,0.0000e+00,2.5000e-01,0.0000e+00,0.0000e+00
1,167,957,0,C,C,C,nan,False,False,0,0,1.0000e+00,1.0000e+00,7.5000e-01,1.0000e+00,1.0000e+00
2,243,1033,1,A,G,G,nan,False,False,0,0,0.0000e+00,0.0000e+00,0.0000e+00,0.0000e+00,5.0000e-02
2,243,1033,0,G,G,G,nan,False,False,0,0,1.0000e+00,1.0000e+00,1.0000e+00,1.0000e+00,9.5000e-01
3,247,1037,0,C,C,C,nan,False,False,1,0,1.0000e+00,1.0000e+00,1.0000e+00,8.7500e-01,1.0000e+00
3,247,1037,1,T,C,C,nan,False,False,1,0,0.0000e+00,0.0000e+00,0.0000e+00,1.2500e-01,0.0000e+00
4,254,1044,0,C,C,C,nan,False,False,1,0,1.0000e+00,1.0000e+00,1.0000e+00,1.0000e+00,8.0000e-01
4,254,1044,0,T,C,C,nan,False,False,1,0,0.0000e+00,0.0000e+00,0.0000e+00,0.0000e+00,2.0000e-01
5,260,1050,0,C,T,T,nan,False,False,1,0,0.0000e+00,0.0000e+00,0.0000e+00,0.0000e+00,5.0000e-02
5,260,1050,0,T,T,T,nan,False,False,1,0,1.0000e+00,1.0000e+00,1.0000e+00,1.0000e+00,9.5000e-01
6,267,1057,0,A,A,G,VHKGIKVKD,False,False,0,0,1.0000e+00,1.0000e+00,1.0000e+00,1.0000e+00,5.0000e-02
6,267,1057,1,G,A,G,VHKGIKVKD,False,False,0,0,0.0000e+00,0.0000e+00,0.0000e+00,0.0000e+00,9.5000e-01
7,277,1067,0,A,A,A,VHKGIKVKD,False,False,0,0,1.0000e+00,1.0000e+00,1.0000e+00,8.7500e-01,1.0000e+00
7,277,1067,1,C,A,A,VHKGIKVKD,False,False,0,0,0.0000e+00,0.0000e+00,0.0000e+00,1.2500e-01,0.0000e+00
8,279,1069,1,A,G,G,VHKGIKVKD,False,False,0,0,0.0000e+00,0.0000e+00,0.0000e+00,8.7500e-01,1.0000e+00
8,279,1069,0,G,G,G,VHKGIKVKD,False,False,0,0,1.0000e+00,1.0000e+00,1.0000e+00,1.2500e-01,0.0000e+00
9,477,1264,1,A,G,A,nan,False,False,0,0,0.0000e+00,0.0000e+00,0.0000e+00,0.0000e+00,1.0000e-01
9,477,1264,0,G,G,A,nan,False,False,0,0,1.0000e+00,1.0000e+00,1.0000e+00,1.0000e+00,9.0000e-01
10,484,1271,0,A,A,A,nan,False,False,0,0,9.3750e-01,1.0000e+00,1.0000e+00,1.0000e+00,1.0000e+00
10,484,1271,1,G,A,A,nan,False,False,0,0,6.2500e-02,0.0000e+00,0.0000e+00,0.0000e+00,0.0000e+00
11,503,1290,0,A,G,G,nan,False,False,0,0,0.0000e+00,0.0000e+00,0.0000e+00,0.0000e+00,5.0000e-02
11,503,1290,0,G,G,G,nan,False,False,0,0,1.0000e+00,1.0000e+00,1.0000e+00,1.0000e+00,9.5000e-01
12,506,1293,0,A,A,A,nan,False,False,0,0,1.0000e+00,1.0000e+00,1.0000e+00,1.0000e+00,9.5000e-01
12,506,1293,0,G,A,A,nan,False,False,0,0,0.0000e+00,0.0000e+00,0.0000e+00,0.0000e+00,5.0000e-02
13,528,1315,1,A,T,T,nan,False,False,0,0,0.0000e+00,0.0000e+00,0.0000e+00,0.0000e+00,5.0000e-02
13,528,1315,0,T,T,T,nan,False,False,0,0,1.0000e+00,1.0000e+00,1.0000e+00,1.0000e+00,9.5000e-01
14,545,1332,0,A,A,A,nan,False,False,0,0,1.0000e+00,9.1667e-01,1.0000e+00,1.0000e+00,1.0000e+00
14,545,1332,0,G,A,A,nan,False,False,0,0,0.0000e+00,8.3333e-02,0.0000e+00,0.0000e+00,0.0000e+00
15,572,1359,0,A,A,A,nan,False,False,0,0,9.3750e-01,1.0000e+00,1.0000e+00,1.0000e+00,1.0000e+00
15,572,1359,0,T,A,A,nan,False,False,0,0,6.2500e-02,0.0000e+00,0.0000e+00,0.0000e+00,0.0000e+00
16,579,1366,0,G,G,G,nan,False,False,0,0,9.3750e-01,1.0000e+00,1.0000e+00,1.0000e+00,1.0000e+00
16,579,1366,1,T,G,G,nan,False,False,0,0,6.2500e-02,0.0000e+00,0.0000e+00,0.0000e+00,0.0000e+00
17,602,1389,1,A,G,G,nan,False,False,0,0,0.0000e+00,0.0000e+00,0.0000e+00,0.0000e+00,5.0000e-02
17,602,1389,0,G,G,G,nan,False,False,0,0,1.0000e+00,1.0000e+00,1.0000e+00,1.0000e+00,9.5000e-01
18,626,1413,0,A,G,G,nan,False,False,0,0,0.0000e+00,0.0000e+00,0.0000e+00,0.0000e+00,5.0000e-02
18,626,1413,0,G,G,G,nan,False,False,0,0,1.0000e+00,1.0000e+00,1.0000e+00,1.0000e+00,9.5000e-01
19,669,1456,0,A,A,A,nan,False,False,0,0,1.0000e+00,1.0000e+00,1.0000e+00,1.0000e+00,9.5000e-01
19,669,1456,1,G,A,A,nan,False,False,0,0,0.0000e+00,0.0000e+00,0.0000e+00,0.0000e+00,5.0000e-02
20,804,1591,0,C,C,C,nan,False,False,0,0,1.0000e+00,1.0000e+00,1.0000e+00,8.7500e-01,1.0000e+00
20,804,1591,0,T,C,C,nan,False,False,0,0,0.0000e+00,0.0000e+00,0.0000e+00,1.2500e-01,0.0000e+00
21,836,1623,0,C,C,C,nan,False,False,0,0,1.0000e+00,1.0000e+00,1.0000e+00,8.7500e-01,9.5000e-01
21,836,1623,0,T,C,C,nan,False,False,0,0,0.0000e+00,0.0000e+00,0.0000e+00,1.2500e-01,5.0000e-02
22,982,1769,0,A,A,A,nan,False,False,0,0,9.3750e-01,1.0000e+00,1.0000e+00,1.0000e+00,1.0000e+00
22,982,1769,1,G,A,A,nan,False,False,0,0,6.2500e-02,0.0000e+00,0.0000e+00,0.0000e+00,0.0000e+00
23,1013,1800,0,A,A,A,nan,False,False,0,0,1.0000e+00,1.0000e+00,1.0000e+00,8.7500e-01,1.0000e+00
23,1013,1800,0,G,A,A,nan,False,False,0,0,0.0000e+00,0.0000e+00,0.0000e+00,1.2500e-01,0.0000e+00
24,1029,1816,0,C,T,T,nan,False,False,0,0,0.0000e+00,0.0000e+00,0.0000e+00,0.0000e+00,5.0000e-02
24,1029,1816,0,T,T,T,nan,False,False,0,0,1.0000e+00,1.0000e+00,1.0000e+00,1.0000e+00,9.5000e-01
25,1071,1858,1,A,G,G,nan,False,False,0,0,0.0000e+00,0.0000e+00,0.0000e+00,0.0000e+00,5.0000e-02
25,1071,1858,0,G,G,G,nan,False,False,0,0,1.0000e+00,1.0000e+00,1.0000e+00,1.0000e+00,9.5000e-01
26,1126,1913,1,A,G,C,nan,False,False,0,0,0.0000e+00,0.0000e+00,0.0000e+00,0.0000e+00,1.0000e-01
26,1126,1913,0,G,G,C,nan,False,False,0,0,1.0000e+00,1.0000e+00,1.0000e+00,1.0000e+00,9.0000e-01
27,1145,1932,0,C,C,C,nan,False,False,0,0,1.0000e+00,9.1667e-01,1.0000e+00,1.0000e+00,1.0000e+00
27,1145,1932,0,T,C,C,nan,False,False,0,0,0.0000e+00,8.3333e-02,0.0000e+00,0.0000e+00,0.0000e+00
28,1150,1937,1,A,T,T,nan,False,False,0,0,0.0000e+00,0.0000e+00,0.0000e+00,1.2500e-01,0.0000e+00
28,1150,1937,0,T,T,T,nan,False,False,0,0,1.0000e+00,1.0000e+00,1.0000e+00,8.7500e-01,1.0000e+00
29,1174,1961,0,A,A,A,nan,False,False,1,0,9.3750e-01,1.0000e+00,1.0000e+00,1.0000e+00,1.0000e+00
29,1174,1961,1,G,A,A,nan,False,False,1,0,6.2500e-02,0.0000e+00,0.0000e+00,0.0000e+00,0.0000e+00
30,1192,1979,0,A,A,A,GKEGHIAKN,False,False,0,0,1.0000e+00,1.0000e+00,2.5000e-01,1.0000e+00,1.0000e+00
30,1192,1979,1,G,A,A,GKEGHIAKN,False,False,0,0,0.0000e+00,0.0000e+00,7.5000e-01,0.0000e+00,0.0000e+00
31,1203,1990,0,A,A,A,GKEGHIAKN,False,False,0,0,1.0000e+00,1.0000e+00,7.5000e-01,1.0000e+00,1.0000e+00
31,1203,1990,1,C,A,A,GKEGHIAKN,False,False,0,0,0.0000e+00,0.0000e+00,2.5000e-01,0.0000e+00,0.0000e+00
32,1208,1995,0,C,C,C,GKEGHIAKN,False,False,0,0,1.0000e+00,1.0000e+00,1.0000e+00,1.0000e+00,9.5000e-01
32,1208,1995,0,T,C,C,GKEGHIAKN,False,False,0,0,0.0000e+00,0.0000e+00,0.0000e+00,0.0000e+00,5.0000e-02
33,1210,1997,0,A,A,G,GKEGHIAKN,False,False,0,0,1.0000e+00,1.0000e+00,1.0000e+00,0.0000e+00,0.0000e+00
33,1210,1997,1,G,A,G,GKEGHIAKN,False,False,0,0,0.0000e+00,0.0000e+00,0.0000e+00,1.0000e+00,1.0000e+00
34,1234,2021,1,A,G,A,nan,False,False,0,0,0.0000e+00,0.0000e+00,0.0000e+00,0.0000e+00,5.0000e-02
34,1234,2021,0,G,G,A,nan,False,False,0,0,1.0000e+00,1.0000e+00,1.0000e+00,1.0000e+00,9.5000e-01
35,1274,2061,1,-,A,A,nan,False,False,0,0,0.0000e+00,0.0000e+00,0.0000e+00,0.0000e+00,5.0000e-02
35,1274,2061,0,A,A,A,nan,False,False,0,0,1.0000e+00,1.0000e+00,1.0000e+00,1.0000e+00,9.5000e-01
36,1331,2118,0,A,G,G,nan,False,False,0,0,0.0000e+00,0.0000e+00,0.0000e+00,0.0000e+00,5.0000e-02
36,1331,2118,0,G,G,G,nan,False,False,0,0,1.0000e+00,1.0000e+00,1.0000e+00,1.0000e+00,9.5000e-01
37,1555,2321,0,C,C,C,nan,False,False,0,0,1.0000e+00,9.1667e-01,1.0000e+00,1.0000e+00,1.0000e+00
37,1555,2321,0,T,C,C,nan,False,False,0,0,0.0000e+00,8.3333e-02,0.0000e+00,0.0000e+00,0.0000e+00
38,1586,2352,1,A,G,G,EEMNLTGKW,False,False,0,0,0.0000e+00,0.0000e+00,0.0000e+00,0.0000e+00,5.0000e-02
38,1586,2352,0,G,G,G,EEMNLTGKW,False,False,0,0,1.0000e+00,1.0000e+00,1.0000e+00,1.0000e+00,9.5000e-01
39,1595,2361,0,A,A,A,EEMNLTGKW,False,False,0,0,1.0000e+00,1.0000e+00,1.0000e+00,8.7500e-01,1.0000e+00
39,1595,2361,1,C,A,A,EEMNLTGKW,False,False,0,0,0.0000e+00,0.0000e+00,0.0000e+00,1.2500e-01,0.0000e+00
40,1596,2362,0,A,A,A,EEMNLTGKW,False,False,0,0,1.0000e+00,1.0000e+00,1.0000e+00,7.5000e-01,1.0000e+00
40,1596,2362,1,G,A,A,EEMNLTGKW,False,False,0,0,0.0000e+00,0.0000e+00,0.0000e+00,2.5000e-01,0.0000e+00
41,1600,2366,0,A,G,G,EEMNLTGKW,False,False,0,0,0.0000e+00,0.0000e+00,0.0000e+00,0.0000e+00,1.0000e+00
41,1600,2366,0,G,G,G,EEMNLTGKW,False,False,0,0,1.0000e+00,1.0000e+00,1.0000e+00,1.0000e+00,0.0000e+00
42,1601,2367,0,A,A,C,EEMNLTGKW,False,False,0,0,1.0000e+00,1.0000e+00,1.0000e+00,7.5000e-01,0.0000e+00
42,1601,2367,1,C,A,C,EEMNLTGKW,False,False,0,0,0.0000e+00,0.0000e+00,0.0000e+00,0.0000e+00,1.0000e+00
42,1601,2367,1,G,A,C,EEMNLTGKW,False,False,0,0,0.0000e+00,0.0000e+00,0.0000e+00,2.5000e-01,0.0000e+00
43,1608,2374,0,A,A,A,EEMNLTGKW,False,False,0,0,1.0000e+00,1.0000e+00,1.0000e+00,5.0000e-01,1.0000e+00
43,1608,2374,1,G,A,A,EEMNLTGKW,False,False,0,0,0.0000e+00,0.0000e+00,0.0000e+00,5.0000e-01,0.0000e+00
44,1660,2426,0,A,G,G,nan,False,False,0,0,0.0000e+00,0.0000e+00,0.0000e+00,0.0000e+00,5.0000e-02
44,1660,2426,0,G,G,G,nan,False,False,0,0,1.0000e+00,1.0000e+00,1.0000e+00,1.0000e+00,9.5000e-01
45,1666,2432,0,C,T,T,nan,False,False,0,0,0.0000e+00,0.0000e+00,0.0000e+00,0.0000e+00,5.0000e-02
45,1666,2432,0,T,T,T,nan,False,False,0,0,1.0000e+00,1.0000e+00,1.0000e+00,1.0000e+00,9.5000e-01
46,1674,2440,1,A,C,T,nan,False,False,0,0,0.0000e+00,0.0000e+00,0.0000e+00,0.0000e+00,5.0000e-02
46,1674,2440,0,C,C,T,nan,False,False,0,0,1.0000e+00,1.0000e+00,1.0000e+00,1.0000e+00,9.5000e-01
47,1724,2490,1,-,A,A,nan,False,False,0,0,0.0000e+00,0.0000e+00,0.0000e+00,0.0000e+00,5.0000e-02
47,1724,2490,0,A,A,A,nan,False,False,0,0,1.0000e+00,1.0000e+00,1.0000e+00,1.0000e+00,9.5000e-01
48,1725,2491,1,-,C,C,nan,False,False,0,0,0.0000e+00,0.0000e+00,0.0000e+00,0.0000e+00,5.0000e-02
48,1725,2491,0,C,C,C,nan,False,False,0,0,1.0000e+00,1.0000e+00,1.0000e+00,1.0000e+00,9.5000e-01
49,1726,2492,1,-,A,A,nan,False,False,0,0,0.0000e+00,0.0000e+00,0.0000e+00,0.0000e+00,5.0000e-02
49,1726,2492,0,A,A,A,nan,False,False,0,0,1.0000e+00,1.0000e+00,1.0000e+00,1.0000e+00,9.5000e-01
50,1727,2493,1,-,C,C,nan,False,False,0,0,0.0000e+00,0.0000e+00,0.0000e+00,0.0000e+00,5.0000e-02
50,1727,2493,0,C,C,C,nan,False,False,0,0,1.0000e+00,1.0000e+00,1.0000e+00,1.0000e+00,9.5000e-01
51,1728,2494,1,-,C,C,nan,False,False,0,0,0.0000e+00,0.0000e+00,0.0000e+00,0.0000e+00,5.0000e-02
51,1728,2494,0,C,C,C,nan,False,False,0,0,1.0000e+00,1.0000e+00,1.0000e+00,1.0000e+00,9.5000e-01
52,1729,2495,1,-,T,T,nan,False,False,0,0,0.0000e+00,0.0000e+00,0.0000e+00,0.0000e+00,5.0000e-02
52,1729,2495,0,T,T,T,nan,False,False,0,0,1.0000e+00,1.0000e+00,1.0000e+00,1.0000e+00,9.5000e-01
53,1730,2496,1,-,G,G,nan,False,False,0,0,0.0000e+00,0.0000e+00,0.0000e+00,0.0000e+00,5.0000e-02
53,1730,2496,0,G,G,G,nan,False,False,0,0,1.0000e+00,1.0000e+00,1.0000e+00,1.0000e+00,9.5000e-01
54,1731,2497,1,-,T,T,nan,False,False,0,0,0.0000e+00,0.0000e+00,0.0000e+00,0.0000e+00,5.0000e-02
54,1731,2497,0,T,T,T,nan,False,False,0,0,1.0000e+00,1.0000e+00,1.0000e+00,1.0000e+00,9.5000e-01
55,1732,2498,1,-,C,C,nan,False,False,0,0,0.0000e+00,0.0000e+00,0.0000e+00,0.0000e+00,5.0000e-02
55,1732,2498,0,C,C,C,nan,False,False,0,0,1.0000e+00,1.0000e+00,1.0000e+00,1.0000e+00,9.5000e-01
56,1733,2499,1,-,A,A,nan,False,False,0,0,0.0000e+00,0.0000e+00,0.0000e+00,0.0000e+00,5.0000e-02
56,1733,2499,0,A,A,A,nan,False,False,0,0,1.0000e+00,1.0000e+00,1.0000e+00,1.0000e+00,9.5000e-01
57,1734,2500,1,-,A,A,nan,False,False,0,0,0.0000e+00,0.0000e+00,0.0000e+00,0.0000e+00,5.0000e-02
57,1734,2500,0,A,A,A,nan,False,False,0,0,1.0000e+00,1.0000e+00,1.0000e+00,1.0000e+00,9.5000e-01
58,1735,2501,1,-,C,C,nan,False,False,0,0,0.0000e+00,0.0000e+00,0.0000e+00,0.0000e+00,5.0000e-02
58,1735,2501,0,C,C,C,nan,False,False,0,0,1.0000e+00,1.0000e+00,1.0000e+00,1.0000e+00,9.5000e-01
59,1736,2502,1,-,A,A,nan,False,False,0,0,0.0000e+00,0.0000e+00,0.0000e+00,0.0000e+00,5.0000e-02
59,1736,2502,0,A,A,A,nan,False,False,0,0,1.0000e+00,1.0000e+00,1.0000e+00,1.0000e+00,9.5000e-01
60,1737,2503,1,-,T,T,nan,False,False,0,0,0.0000e+00,0.0000e+00,0.0000e+00,0.0000e+00,5.0000e-02
60,1737,2503,0,T,T,T,nan,False,False,0,0,1.0000e+00,1.0000e+00,1.0000e+00,1.0000e+00,9.5000e-01
61,1738,2504,1,-,A,A,nan,False,False,0,0,0.0000e+00,0.0000e+00,0.0000e+00,0.0000e+00,5.0000e-02
61,1738,2504,0,A,A,A,nan,False,False,0,0,1.0000e+00,1.0000e+00,1.0000e+00,1.0000e+00,9.5000e-01
62,1739,2505,1,-,A,A,nan,False,False,0,0,0.0000e+00,0.0000e+00,0.0000e+00,0.0000e+00,5.0000e-02
62,1739,2505,0,A,A,A,nan,False,False,0,0,1.0000e+00,1.0000e+00,1.0000e+00,1.0000e+00,9.5000e-01
63,1740,2506,1,-,T,T,nan,False,False,0,0,0.0000e+00,0.0000e+00,0.0000e+00,0.0000e+00,5.0000e-02
63,1740,2506,0,T,T,T,nan,False,False,0,0,1.0000e+00,1.0000e+00,1.0000e+00,1.0000e+00,9.5000e-01
64,1741,2507,1,-,T,T,nan,False,False,0,0,0.0000e+00,0.0000e+00,0.0000e+00,0.0000e+00,5.0000e-02
64,1741,2507,0,T,T,T,nan,False,False,0,0,1.0000e+00,1.0000e+00,1.0000e+00,1.0000e+00,9.5000e-01
65,1742,2508,1,-,G,G,nan,False,False,0,0,0.0000e+00,0.0000e+00,0.0000e+00,0.0000e+00,5.0000e-02
65,1742,2508,0,G,G,G,nan,False,False,0,0,1.0000e+00,1.0000e+00,1.0000e+00,1.0000e+00,9.5000e-01
66,1743,2509,1,-,G,G,nan,False,False,0,0,0.0000e+00,0.0000e+00,0.0000e+00,0.0000e+00,5.0000e-02
66,1743,2509,0,G,G,G,nan,False,False,0,0,1.0000e+00,1.0000e+00,1.0000e+00,1.0000e+00,9.5000e-01
67,1744,2510,1,-,A,A,nan,False,False,0,0,0.0000e+00,0.0000e+00,0.0000e+00,0.0000e+00,5.0000e-02
67,1744,2510,0,A,A,A,nan,False,False,0,0,1.0000e+00,1.0000e+00,1.0000e+00,1.0000e+00,9.5000e-01
68,1745,2511,1,-,A,A,nan,False,False,0,0,0.0000e+00,0.0000e+00,0.0000e+00,0.0000e+00,5.0000e-02
68,1745,2511,0,A,A,A,nan,False,False,0,0,1.0000e+00,1.0000e+00,1.0000e+00,1.0000e+00,9.5000e-01
69,1746,2512,1,-,G,G,nan,False,False,0,0,0.0000e+00,0.0000e+00,0.0000e+00,0.0000e+00,5.0000e-02
69,1746,2512,0,G,G,G,nan,False,False,0,0,1.0000e+00,1.0000e+00,1.0000e+00,1.0000e+00,9.5000e-01
70,1747,2513,1,-,A,A,nan,False,False,0,0,0.0000e+00,0.0000e+00,0.0000e+00,0.0000e+00,5.0000e-02
70,1747,2513,0,A,A,A,nan,False,False,0,0,1.0000e+00,1.0000e+00,1.0000e+00,1.0000e+00,9.0000e-01
70,1747,2513,0,G,A,A,nan,False,False,0,0,0.0000e+00,0.0000e+00,0.0000e+00,0.0000e+00,5.0000e-02
71,1748,2514,1,-,A,A,nan,False,False,0,0,0.0000e+00,0.0000e+00,0.0000e+00,0.0000e+00,5.0000e-02
71,1748,2514,0,A,A,A,nan,False,False,0,0,1.0000e+00,1.0000e+00,1.0000e+00,1.0000e+00,9.5000e-01
72,1749,2515,1,-,A,A,nan,False,False,0,0,0.0000e+00,0.0000e+00,0.0000e+00,0.0000e+00,5.0000e-02
72,1749,2515,0,A,A,A,nan,False,False,0,0,1.0000e+00,1.0000e+00,1.0000e+00,1.0000e+00,9.5000e-01
73,1750,2516,1,-,T,T,nan,False,False,0,0,0.0000e+00,0.0000e+00,0.0000e+00,0.0000e+00,5.0000e-02
73,1750,2516,0,T,T,T,nan,False,False,0,0,1.0000e+00,1.0000e+00,1.0000e+00,1.0000e+00,9.5000e-01
74,1751,2517,1,-,A,A,nan,False,False,0,0,0.0000e+00,0.0000e+00,0.0000e+00,0.0000e+00,5.0000e-02
74,1751,2517,0,A,A,A,nan,False,False,0,0,1.0000e+00,1.0000e+00,1.0000e+00,1.0000e+00,9.5000e-01
75,1752,2518,1,-,T,T,nan,False,False,0,0,0.0000e+00,0.0000e+00,0.0000e+00,0.0000e+00,5.0000e-02
75,1752,2518,0,T,T,T,nan,False,False,0,0,1.0000e+00,1.0000e+00,1.0000e+00,1.0000e+00,9.5000e-01
76,1753,2519,1,-,G,G,nan,False,False,0,0,0.0000e+00,0.0000e+00,0.0000e+00,0.0000e+00,5.0000e-02
76,1753,2519,0,G,G,G,nan,False,False,0,0,1.0000e+00,1.0000e+00,1.0000e+00,1.0000e+00,9.5000e-01
77,1754,2520,1,-,T,T,nan,False,False,0,0,0.0000e+00,0.0000e+00,0.0000e+00,0.0000e+00,5.0000e-02
77,1754,2520,0,T,T,T,nan,False,False,0,0,1.0000e+00,1.0000e+00,1.0000e+00,1.0000e+00,9.5000e-01
78,1755,2521,1,-,T,T,nan,False,False,0,0,0.0000e+00,0.0000e+00,0.0000e+00,0.0000e+00,5.0000e-02
78,1755,2521,0,T,T,T,nan,False,False,0,0,1.0000e+00,1.0000e+00,1.0000e+00,1.0000e+00,9.5000e-01
79,1756,2522,1,-,G,G,nan,False,False,0,0,0.0000e+00,0.0000e+00,0.0000e+00,0.0000e+00,5.0000e-02
79,1756,2522,0,G,G,G,nan,False,False,0,0,1.0000e+00,1.0000e+00,1.0000e+00,1.0000e+00,9.5000e-01
80,1757,2523,1,-,A,A,nan,False,False,0,0,0.0000e+00,0.0000e+00,0.0000e+00,0.0000e+00,5.0000e-02
80,1757,2523,0,A,A,A,nan,False,False,0,0,1.0000e+00,1.0000e+00,1.0000e+00,1.0000e+00,9.5000e-01
81,1758,2524,1,-,C,C,nan,False,False,0,0,0.0000e+00,0.0000e+00,0.0000e+00,0.0000e+00,5.0000e-02
81,1758,2524,0,C,C,C,nan,False,False,0,0,1.0000e+00,1.0000e+00,1.0000e+00,1.0000e+00,9.5000e-01
82,1759,2525,1,-,T,T,nan,False,False,0,0,0.0000e+00,0.0000e+00,0.0000e+00,0.0000e+00,5.0000e-02
82,1759,2525,0,T,T,T,nan,False,False,0,0,1.0000e+00,1.0000e+00,1.0000e+00,1.0000e+00,9.5000e-01
83,1760,2526,1,-,C,C,nan,False,False,0,0,0.0000e+00,0.0000e+00,0.0000e+00,0.0000e+00,5.0000e-02
83,1760,2526,0,C,C,C,nan,False,False,0,0,1.0000e+00,1.0000e+00,1.0000e+00,1.0000e+00,9.5000e-01
84,1761,2527,1,-,A,A,nan,False,False,0,0,0.0000e+00,0.0000e+00,0.0000e+00,0.0000e+00,5.0000e-02
84,1761,2527,0,A,A,A,nan,False,False,0,0,1.0000e+00,1.0000e+00,1.0000e+00,1.0000e+00,9.5000e-01
85,1762,2528,1,-,G,G,nan,False,False,0,0,0.0000e+00,0.0000e+00,0.0000e+00,0.0000e+00,5.0000e-02
85,1762,2528,0,G,G,G,nan,False,False,0,0,1.0000e+00,1.0000e+00,1.0000e+00,1.0000e+00,9.5000e-01
86,1763,2529,1,-,C,C,nan,False,False,0,0,0.0000e+00,0.0000e+00,0.0000e+00,0.0000e+00,5.0000e-02
86,1763,2529,0,C,C,C,nan,False,False,0,0,1.0000e+00,1.0000e+00,1.0000e+00,1.0000e+00,9.5000e-01
87,1764,2530,1,-,T,T,nan,False,False,0,0,0.0000e+00,0.0000e+00,0.0000e+00,0.0000e+00,5.0000e-02
87,1764,2530,0,T,T,T,nan,False,False,0,0,1.0000e+00,1.0000e+00,1.0000e+00,1.0000e+00,9.5000e-01
88,1765,2531,1,-,T,T,nan,False,False,0,0,0.0000e+00,0.0000e+00,0.0000e+00,0.0000e+00,5.0000e-02
88,1765,2531,0,T,T,T,nan,False,False,0,0,1.0000e+00,1.0000e+00,1.0000e+00,1.0000e+00,9.5000e-01
89,1766,2532,1,-,G,G,nan,False,False,0,0,0.0000e+00,0.0000e+00,0.0000e+00,0.0000e+00,5.0000e-02
89,1766,2532,0,G,G,G,nan,False,False,0,0,1.0000e+00,1.0000e+00,1.0000e+00,1.0000e+00,9.5000e-01
90,1767,2533,1,-,G,G,nan,False,False,0,0,0.0000e+00,0.0000e+00,0.0000e+00,0.0000e+00,5.0000e-02
90,1767,2533,0,G,G,G,nan,False,False,0,0,1.0000e+00,1.0000e+00,1.0000e+00,1.0000e+00,9.5000e-01
91,1768,2534,1,-,C,A,nan,False,False,0,0,0.0000e+00,0.0000e+00,0.0000e+00,0.0000e+00,5.0000e-02
91,1768,2534,0,C,C,A,nan,False,False,0,0,1.0000e+00,1.0000e+00,1.0000e+00,1.0000e+00,9.5000e-01
92,1769,2535,1,-,T,T,nan,False,False,0,0,0.0000e+00,0.0000e+00,0.0000e+00,0.0000e+00,5.0000e-02
92,1769,2535,0,T,T,T,nan,False,False,0,0,1.0000e+00,1.0000e+00,1.0000e+00,1.0000e+00,9.5000e-01
93,1770,2536,1,-,G,G,nan,False,False,0,0,0.0000e+00,0.0000e+00,0.0000e+00,0.0000e+00,5.0000e-02
93,1770,2536,0,G,G,G,nan,False,False,0,0,1.0000e+00,1.0000e+00,1.0000e+00,1.0000e+00,9.5000e-01
94,1771,2537,1,-,C,C,nan,False,False,0,0,0.0000e+00,0.0000e+00,0.0000e+00,0.0000e+00,5.0000e-02
94,1771,2537,0,C,C,C,nan,False,False,0,0,1.0000e+00,1.0000e+00,1.0000e+00,1.0000e+00,9.5000e-01
95,1772,2538,1,-,A,A,nan,False,False,0,0,0.0000e+00,0.0000e+00,0.0000e+00,0.0000e+00,5.0000e-02
95,1772,2538,0,A,A,A,nan,False,False,0,0,1.0000e+00,1.0000e+00,1.0000e+00,1.0000e+00,9.5000e-01
96,1773,2539,1,-,C,C,nan,False,False,0,0,0.0000e+00,0.0000e+00,0.0000e+00,0.0000e+00,5.0000e-02
96,1773,2539,0,C,C,C,nan,False,False,0,0,1.0000e+00,1.0000e+00,1.0000e+00,1.0000e+00,9.5000e-01
97,1774,2540,1,-,T,A,nan,False,False,0,0,0.0000e+00,0.0000e+00,0.0000e+00,0.0000e+00,5.0000e-02
97,1774,2540,0,T,T,A,nan,False,False,0,0,1.0000e+00,1.0000e+00,1.0000e+00,1.0000e+00,9.5000e-01
98,1775,2541,1,-,C,C,nan,False,False,0,0,0.0000e+00,0.0000e+00,0.0000e+00,0.0000e+00,5.0000e-02
98,1775,2541,0,C,C,C,nan,False,False,0,0,1.0000e+00,1.0000e+00,1.0000e+00,1.0000e+00,9.5000e-01
99,1776,2542,1,-,T,T,nan,False,False,0,0,0.0000e+00,0.0000e+00,0.0000e+00,0.0000e+00,5.0000e-02
99,1776,2542,0,T,T,T,nan,False,False,0,0,1.0000e+00,1.0000e+00,1.0000e+00,1.0000e+00,9.5000e-01
100,1777,2543,1,-,A,A,nan,False,False,0,0,0.0000e+00,0.0000e+00,0.0000e+00,0.0000e+00,5.0000e-02
100,1777,2543,0,A,A,A,nan,False,False,0,0,1.0000e+00,1.0000e+00,1.0000e+00,1.0000e+00,9.5000e-01
101,1778,2544,1,-,A,A,nan,False,False,0,0,0.0000e+00,0.0000e+00,0.0000e+00,0.0000e+00,5.0000e-02
101,1778,2544,0,A,A,A,nan,False,False,0,0,1.0000e+00,1.0000e+00,1.0000e+00,1.0000e+00,9.5000e-01
102,1779,2545,1,-,A,A,nan,False,False,0,0,0.0000e+00,0.0000e+00,0.0000e+00,0.0000e+00,5.0000e-02
102,1779,2545,0,A,A,A,nan,False,False,0,0,1.0000e+00,1.0000e+00,1.0000e+00,1.0000e+00,9.5000e-01
103,1780,2546,1,-,T,T,nan,False,False,0,0,0.0000e+00,0.0000e+00,0.0000e+00,0.0000e+00,5.0000e-02
103,1780,2546,0,T,T,T,nan,False,False,0,0,1.0000e+00,1.0000e+00,1.0000e+00,1.0000e+00,9.5000e-01
104,1781,2547,1,A,T,T,nan,False,False,0,0,0.0000e+00,0.0000e+00,0.0000e+00,0.0000e+00,5.0000e-02
104,1781,2547,0,T,T,T,nan,False,False,0,0,1.0000e+00,1.0000e+00,1.0000e+00,1.0000e+00,9.5000e-01
105,1866,2632,0,A,A,A,nan,False,False,0,0,1.0000e+00,1.0000e+00,1.0000e+00,1.0000e+00,9.5000e-01
105,1866,2632,1,G,A,A,nan,False,False,0,0,0.0000e+00,0.0000e+00,0.0000e+00,0.0000e+00,5.0000e-02
106,1978,2744,0,A,G,G,nan,False,False,0,0,6.2500e-02,0.0000e+00,0.0000e+00,0.0000e+00,0.0000e+00
106,1978,2744,0,G,G,G,nan,False,False,0,0,9.3750e-01,1.0000e+00,1.0000e+00,1.0000e+00,1.0000e+00
107,2059,2825,0,A,A,A,nan,False,False,0,0,1.0000e+00,1.0000e+00,1.0000e+00,1.0000e+00,9.0000e-01
107,2059,2825,0,G,A,A,nan,False,False,0,0,0.0000e+00,0.0000e+00,0.0000e+00,0.0000e+00,1.0000e-01
108,2118,2884,1,A,G,G,nan,False,False,0,0,6.2500e-02,0.0000e+00,0.0000e+00,0.0000e+00,0.0000e+00
108,2118,2884,0,G,G,G,nan,False,False,0,0,9.3750e-01,1.0000e+00,1.0000e+00,1.0000e+00,1.0000e+00
109,2131,2897,0,C,T,T,nan,False,False,0,0,0.0000e+00,0.0000e+00,0.0000e+00,0.0000e+00,1.0000e-01
109,2131,2897,0,T,T,T,nan,False,False,0,0,1.0000e+00,1.0000e+00,1.0000e+00,1.0000e+00,9.0000e-01
110,2141,2907,0,C,T,T,nan,False,False,0,0,0.0000e+00,0.0000e+00,0.0000e+00,0.0000e+00,5.0000e-02
110,2141,2907,0,T,T,T,nan,False,False,0,0,1.0000e+00,1.0000e+00,1.0000e+00,1.0000e+00,9.5000e-01
111,2150,2916,0,A,A,G,nan,False,False,0,0,1.0000e+00,1.0000e+00,7.5000e-01,1.0000e+00,1.0000e+00
111,2150,2916,1,G,A,G,nan,False,False,0,0,0.0000e+00,0.0000e+00,2.5000e-01,0.0000e+00,0.0000e+00
112,2170,2936,0,A,A,A,nan,False,False,0,0,9.3750e-01,1.0000e+00,1.0000e+00,1.0000e+00,1.0000e+00
112,2170,2936,0,T,A,A,nan,False,False,0,0,6.2500e-02,0.0000e+00,0.0000e+00,0.0000e+00,0.0000e+00
113,2187,2953,1,C,T,T,nan,False,False,0,0,6.2500e-02,0.0000e+00,0.0000e+00,0.0000e+00,0.0000e+00
113,2187,2953,0,T,T,T,nan,False,False,0,0,9.3750e-01,1.0000e+00,1.0000e+00,1.0000e+00,1.0000e+00
114,2188,2954,0,A,A,A,nan,False,False,0,0,1.0000e+00,1.0000e+00,1.0000e+00,1.0000e+00,9.5000e-01
114,2188,2954,1,G,A,A,nan,False,False,0,0,0.0000e+00,0.0000e+00,0.0000e+00,0.0000e+00,5.0000e-02
115,2200,2966,0,A,A,A,nan,False,False,0,0,1.0000e+00,1.0000e+00,1.0000e+00,1.0000e+00,7.5000e-01
115,2200,2966,0,C,A,A,nan,False,False,0,0,0.0000e+00,0.0000e+00,0.0000e+00,0.0000e+00,2.5000e-01
116,2206,2972,0,A,G,G,nan,False,False,0,0,0.0000e+00,0.0000e+00,0.0000e+00,0.0000e+00,5.0000e-02
116,2206,2972,0,G,G,G,nan,False,False,0,0,1.0000e+00,1.0000e+00,1.0000e+00,1.0000e+00,9.5000e-01
117,2208,2974,1,G,T,T,nan,False,False,0,0,0.0000e+00,0.0000e+00,0.0000e+00,0.0000e+00,5.0000e-02
117,2208,2974,0,T,T,T,nan,False,False,0,0,1.0000e+00,1.0000e+00,1.0000e+00,1.0000e+00,9.5000e-01
118,2236,3002,0,A,G,G,nan,False,False,0,0,0.0000e+00,0.0000e+00,0.0000e+00,0.0000e+00,5.0000e-02
118,2236,3002,0,G,G,G,nan,False,False,0,0,1.0000e+00,1.0000e+00,1.0000e+00,1.0000e+00,9.5000e-01
119,2301,3067,1,-,A,C,nan,False,False,0,0,6.2500e-02,0.0000e+00,0.0000e+00,0.0000e+00,0.0000e+00
119,2301,3067,0,A,A,C,nan,False,False,0,0,9.3750e-01,1.0000e+00,1.0000e+00,1.0000e+00,9.5000e-01
119,2301,3067,1,G,A,C,nan,False,False,0,0,0.0000e+00,0.0000e+00,0.0000e+00,0.0000e+00,5.0000e-02
120,2303,3069,1,A,C,C,nan,False,False,0,0,6.2500e-02,0.0000e+00,0.0000e+00,0.0000e+00,1.5000e-01
120,2303,3069,0,C,C,C,nan,False,False,0,0,9.3750e-01,1.0000e+00,1.0000e+00,1.0000e+00,8.5000e-01
121,2304,3070,0,A,A,A,nan,False,False,0,0,9.3750e-01,1.0000e+00,1.0000e+00,1.0000e+00,1.0000e+00
121,2304,3070,1,C,A,A,nan,False,False,0,0,6.2500e-02,0.0000e+00,0.0000e+00,0.0000e+00,0.0000e+00
122,2374,3140,0,A,A,A,nan,False,False,0,0,1.0000e+00,1.0000e+00,1.0000e+00,1.0000e+00,9.5000e-01
122,2374,3140,0,G,A,A,nan,False,False,0,0,0.0000e+00,0.0000e+00,0.0000e+00,0.0000e+00,5.0000e-02
123,2385,3151,0,A,A,A,nan,False,False,0,0,1.0000e+00,1.0000e+00,1.0000e+00,5.0000e-01,1.0000e+00
123,2385,3151,1,G,A,A,nan,False,False,0,0,0.0000e+00,0.0000e+00,0.0000e+00,5.0000e-01,0.0000e+00
124,2392,3158,0,A,A,G,nan,False,False,0,0,1.0000e+00,1.0000e+00,1.0000e+00,5.0000e-01,1.0000e+00
124,2392,3158,0,G,A,G,nan,False,False,0,0,0.0000e+00,0.0000e+00,0.0000e+00,5.0000e-01,0.0000e+00
125,2410,3176,0,A,A,A,nan,False,False,0,0,1.0000e+00,1.0000e+00,1.0000e+00,1.0000e+00,7.0000e-01
125,2410,3176,0,G,A,A,nan,False,False,0,0,0.0000e+00,0.0000e+00,0.0000e+00,0.0000e+00,3.0000e-01
126,2455,3221,0,A,A,A,nan,False,False,0,0,1.0000e+00,1.0000e+00,1.0000e+00,5.0000e-01,1.0000e+00
126,2455,3221,0,G,A,A,nan,False,False,0,0,0.0000e+00,0.0000e+00,0.0000e+00,5.0000e-01,0.0000e+00
127,2509,3275,0,A,G,G,nan,False,False,0,0,0.0000e+00,0.0000e+00,0.0000e+00,0.0000e+00,5.0000e-02
127,2509,3275,0,G,G,G,nan,False,False,0,0,1.0000e+00,1.0000e+00,1.0000e+00,1.0000e+00,9.5000e-01
128,2512,3278,0,C,T,T,nan,False,False,0,0,0.0000e+00,0.0000e+00,0.0000e+00,0.0000e+00,5.0000e-02
128,2512,3278,0,T,T,T,nan,False,False,0,0,1.0000e+00,1.0000e+00,1.0000e+00,1.0000e+00,9.5000e-01
129,2530,3296,0,A,G,G,nan,False,False,0,0,6.2500e-02,0.0000e+00,0.0000e+00,0.0000e+00,0.0000e+00
129,2530,3296,0,G,G,G,nan,False,False,0,0,9.3750e-01,1.0000e+00,1.0000e+00,1.0000e+00,1.0000e+00
130,2538,3304,0,G,G,G,nan,False,False,0,0,9.3750e-01,1.0000e+00,1.0000e+00,1.0000e+00,1.0000e+00
130,2538,3304,1,T,G,G,nan,False,False,0,0,6.2500e-02,0.0000e+00,0.0000e+00,0.0000e+00,0.0000e+00
131,2606,3372,1,A,C,A,nan,False,False,0,0,0.0000e+00,0.0000e+00,7.5000e-01,0.0000e+00,3.0000e-01
131,2606,3372,0,C,C,A,nan,False,False,0,0,1.0000e+00,1.0000e+00,2.5000e-01,1.0000e+00,7.0000e-01
132,2617,3383,0,A,A,A,nan,False,False,0,0,1.0000e+00,1.0000e+00,1.0000e+00,1.0000e+00,9.5000e-01
132,2617,3383,1,C,A,A,nan,False,False,0,0,0.0000e+00,0.0000e+00,0.0000e+00,0.0000e+00,5.0000e-02
133,2629,3395,0,C,C,C,nan,False,False,0,0,1.0000e+00,1.0000e+00,1.0000e+00,1.0000e+00,9.5000e-01
133,2629,3395,0,T,C,C,nan,False,False,0,0,0.0000e+00,0.0000e+00,0.0000e+00,0.0000e+00,5.0000e-02
134,2648,3414,0,C,C,C,nan,False,False,0,0,1.0000e+00,1.0000e+00,1.0000e+00,1.0000e+00,9.5000e-01
134,2648,3414,0,T,C,C,nan,False,False,0,0,0.0000e+00,0.0000e+00,0.0000e+00,0.0000e+00,5.0000e-02
135,2658,3424,1,C,T,T,nan,False,False,0,0,0.0000e+00,8.3333e-02,0.0000e+00,0.0000e+00,0.0000e+00
135,2658,3424,0,T,T,T,nan,False,False,0,0,1.0000e+00,9.1667e-01,1.0000e+00,1.0000e+00,1.0000e+00
136,2666,3432,0,C,C,C,nan,False,False,0,0,1.0000e+00,1.0000e+00,1.0000e+00,5.0000e-01,1.0000e+00
136,2666,3432,0,T,C,C,nan,False,False,0,0,0.0000e+00,0.0000e+00,0.0000e+00,5.0000e-01,0.0000e+00
137,2690,3456,0,C,T,T,nan,False,False,0,0,0.0000e+00,0.0000e+00,0.0000e+00,0.0000e+00,5.0000e-02
137,2690,3456,0,T,T,T,nan,False,False,0,0,1.0000e+00,1.0000e+00,1.0000e+00,1.0000e+00,9.5000e-01
138,2741,3507,1,A,G,G,nan,False,False,0,0,0.0000e+00,0.0000e+00,0.0000e+00,0.0000e+00,5.0000e-02
138,2741,3507,0,G,G,G,nan,False,False,0,0,1.0000e+00,1.0000e+00,1.0000e+00,1.0000e+00,9.5000e-01
139,2749,3515,0,A,A,A,nan,False,False,0,0,1.0000e+00,1.0000e+00,1.0000e+00,1.0000e+00,9.0000e-01
139,2749,3515,0,G,A,A,nan,False,False,0,0,0.0000e+00,0.0000e+00,0.0000e+00,0.0000e+00,1.0000e-01
140,2812,3578,0,A,A,A,nan,False,False,0,0,1.0000e+00,1.0000e+00,1.0000e+00,8.7500e-01,8.5000e-01
140,2812,3578,0,G,A,A,nan,False,False,0,0,0.0000e+00,0.0000e+00,0.0000e+00,1.2500e-01,1.5000e-01
141,2833,3599,0,A,A,A,nan,False,False,0,0,1.0000e+00,1.0000e+00,7.5000e-01,1.0000e+00,1.0000e+00
141,2833,3599,0,G,A,A,nan,False,False,0,0,0.0000e+00,0.0000e+00,2.5000e-01,0.0000e+00,0.0000e+00
142,2850,3616,0,A,A,A,nan,False,False,0,0,1.0000e+00,1.0000e+00,1.0000e+00,1.0000e+00,7.0000e-01
142,2850,3616,1,G,A,A,nan,False,False,0,0,0.0000e+00,0.0000e+00,0.0000e+00,0.0000e+00,3.0000e-01
143,2915,3681,1,A,G,G,nan,False,False,0,0,0.0000e+00,0.0000e+00,0.0000e+00,0.0000e+00,5.0000e-02
143,2915,3681,0,G,G,G,nan,False,False,0,0,1.0000e+00,1.0000e+00,1.0000e+00,1.0000e+00,9.5000e-01
144,3004,3770,0,A,A,A,nan,False,False,0,0,1.0000e+00,9.1667e-01,1.0000e+00,1.0000e+00,1.0000e+00
144,3004,3770,1,C,A,A,nan,False,False,0,0,0.0000e+00,8.3333e-02,0.0000e+00,0.0000e+00,0.0000e+00
145,3020,3786,1,A,G,G,nan,False,False,0,0,0.0000e+00,0.0000e+00,0.0000e+00,0.0000e+00,5.0000e-02
145,3020,3786,0,G,G,G,nan,False,False,0,0,1.0000e+00,1.0000e+00,1.0000e+00,1.0000e+00,9.5000e-01
146,3071,3837,1,A,G,G,nan,False,False,0,0,0.0000e+00,0.0000e+00,2.5000e-01,0.0000e+00,0.0000e+00
146,3071,3837,0,G,G,G,nan,False,False,0,0,1.0000e+00,1.0000e+00,7.5000e-01,1.0000e+00,1.0000e+00
147,3086,3852,1,A,G,G,nan,False,False,0,0,0.0000e+00,0.0000e+00,0.0000e+00,0.0000e+00,5.0000e-02
147,3086,3852,0,G,G,G,nan,False,False,0,0,1.0000e+00,1.0000e+00,1.0000e+00,1.0000e+00,9.5000e-01
148,3087,3853,1,G,T,C,nan,False,False,0,0,0.0000e+00,0.0000e+00,0.0000e+00,0.0000e+00,5.0000e-02
148,3087,3853,0,T,T,C,nan,False,False,0,0,1.0000e+00,1.0000e+00,1.0000e+00,1.0000e+00,9.5000e-01
149,3146,3912,1,A,G,G,nan,False,False,0,0,6.2500e-02,0.0000e+00,0.0000e+00,0.0000e+00,0.0000e+00
149,3146,3912,0,G,G,G,nan,False,False,0,0,9.3750e-01,1.0000e+00,1.0000e+00,1.0000e+00,1.0000e+00
150,3161,3927,1,A,G,G,nan,False,False,0,0,0.0000e+00,0.0000e+00,0.0000e+00,0.0000e+00,5.0000e-02
150,3161,3927,0,G,G,G,nan,False,False,0,0,1.0000e+00,1.0000e+00,1.0000e+00,1.0000e+00,9.5000e-01
151,3172,3938,0,A,G,G,nan,False,False,0,0,0.0000e+00,0.0000e+00,0.0000e+00,0.0000e+00,5.0000e-02
151,3172,3938,0,G,G,G,nan,False,False,0,0,1.0000e+00,1.0000e+00,1.0000e+00,1.0000e+00,9.5000e-01
152,3196,3962,0,A,A,A,nan,False,False,0,0,1.0000e+00,1.0000e+00,1.0000e+00,1.0000e+00,9.5000e-01
152,3196,3962,0,G,A,A,nan,False,False,0,0,0.0000e+00,0.0000e+00,0.0000e+00,0.0000e+00,5.0000e-02
153,3218,3984,1,G,T,T,nan,False,False,0,0,0.0000e+00,0.0000e+00,0.0000e+00,0.0000e+00,5.0000e-02
153,3218,3984,0,T,T,T,nan,False,False,0,0,1.0000e+00,1.0000e+00,1.0000e+00,1.0000e+00,9.5000e-01
154,3368,4134,1,A,G,G,nan,False,False,0,0,0.0000e+00,0.0000e+00,0.0000e+00,0.0000e+00,5.0000e-02
154,3368,4134,0,G,G,G,nan,False,False,0,0,1.0000e+00,1.0000e+00,1.0000e+00,1.0000e+00,9.5000e-01
155,3449,4215,0,A,A,A,VSRGIRKVL,False,False,0,0,1.0000e+00,1.0000e+00,1.0000e+00,1.0000e+00,9.5000e-01
155,3449,4215,1,G,A,A,VSRGIRKVL,False,False,0,0,0.0000e+00,0.0000e+00,0.0000e+00,0.0000e+00,5.0000e-02
156,3481,4247,1,G,T,T,nan,False,False,0,0,6.2500e-02,0.0000e+00,0.0000e+00,0.0000e+00,0.0000e+00
156,3481,4247,0,T,T,T,nan,False,False,0,0,9.3750e-01,1.0000e+00,1.0000e+00,1.0000e+00,1.0000e+00
157,3496,4262,0,G,G,G,nan,False,False,0,0,1.0000e+00,1.0000e+00,1.0000e+00,1.0000e+00,9.0000e-01
157,3496,4262,1,T,G,G,nan,False,False,0,0,0.0000e+00,0.0000e+00,0.0000e+00,0.0000e+00,1.0000e-01
158,3513,4279,0,A,A,G,nan,False,False,0,0,1.0000e+00,1.0000e+00,1.0000e+00,1.0000e+00,1.0000e-01
158,3513,4279,1,G,A,G,nan,False,False,0,0,0.0000e+00,0.0000e+00,0.0000e+00,0.0000e+00,9.0000e-01
159,3577,4343,0,C,T,T,nan,False,False,0,0,0.0000e+00,0.0000e+00,0.0000e+00,0.0000e+00,9.0000e-01
159,3577,4343,0,T,T,T,nan,False,False,0,0,1.0000e+00,1.0000e+00,1.0000e+00,1.0000e+00,1.0000e-01
160,3623,4389,1,A,G,G,nan,False,False,0,0,0.0000e+00,0.0000e+00,2.5000e-01,0.0000e+00,0.0000e+00
160,3623,4389,0,G,G,G,nan,False,False,0,0,1.0000e+00,1.0000e+00,7.5000e-01,1.0000e+00,1.0000e+00
161,3658,4424,0,C,T,T,nan,False,False,0,0,0.0000e+00,0.0000e+00,2.5000e-01,0.0000e+00,0.0000e+00
161,3658,4424,0,T,T,T,nan,False,False,0,0,1.0000e+00,1.0000e+00,7.5000e-01,1.0000e+00,1.0000e+00
162,3693,4459,1,C,T,T,nan,False,False,0,0,0.0000e+00,0.0000e+00,0.0000e+00,0.0000e+00,5.0000e-02
162,3693,4459,0,T,T,T,nan,False,False,0,0,1.0000e+00,1.0000e+00,1.0000e+00,1.0000e+00,9.5000e-01
163,3716,4482,1,A,G,G,nan,False,False,0,0,6.2500e-02,0.0000e+00,0.0000e+00,0.0000e+00,0.0000e+00
163,3716,4482,0,G,G,G,nan,False,False,0,0,9.3750e-01,1.0000e+00,1.0000e+00,1.0000e+00,1.0000e+00
164,3729,4495,1,C,T,T,nan,False,False,0,0,0.0000e+00,0.0000e+00,2.5000e-01,0.0000e+00,0.0000e+00
164,3729,4495,0,T,T,T,nan,False,False,0,0,1.0000e+00,1.0000e+00,7.5000e-01,1.0000e+00,1.0000e+00
165,3805,4571,1,G,T,T,nan,False,False,0,0,6.2500e-02,0.0000e+00,0.0000e+00,0.0000e+00,0.0000e+00
165,3805,4571,0,T,T,T,nan,False,False,0,0,9.3750e-01,1.0000e+00,1.0000e+00,1.0000e+00,1.0000e+00
166,3884,4650,0,A,A,A,nan,False,False,0,0,1.0000e+00,9.1667e-01,1.0000e+00,1.0000e+00,1.0000e+00
166,3884,4650,1,C,A,A,nan,False,False,0,0,0.0000e+00,8.3333e-02,0.0000e+00,0.0000e+00,0.0000e+00
167,3895,4661,0,C,T,T,nan,False,False,0,0,0.0000e+00,0.0000e+00,5.0000e-01,0.0000e+00,0.0000e+00
167,3895,4661,0,T,T,T,nan,False,False,0,0,1.0000e+00,1.0000e+00,5.0000e-01,1.0000e+00,1.0000e+00
168,3907,4673,0,A,G,G,nan,False,False,0,0,0.0000e+00,0.0000e+00,2.5000e-01,0.0000e+00,7.0000e-01
168,3907,4673,0,G,G,G,nan,False,False,0,0,1.0000e+00,1.0000e+00,7.5000e-01,1.0000e+00,3.0000e-01
169,3920,4686,1,C,T,T,nan,False,False,0,0,6.2500e-02,0.0000e+00,0.0000e+00,0.0000e+00,0.0000e+00
169,3920,4686,0,T,T,T,nan,False,False,0,0,9.3750e-01,1.0000e+00,1.0000e+00,1.0000e+00,1.0000e+00
170,3952,4718,0,A,A,G,nan,False,False,0,0,1.0000e+00,1.0000e+00,1.0000e+00,8.7500e-01,1.0000e+00
170,3952,4718,0,G,A,G,nan,False,False,0,0,0.0000e+00,0.0000e+00,0.0000e+00,1.2500e-01,0.0000e+00
171,3976,4742,0,C,C,C,nan,False,False,0,0,1.0000e+00,1.0000e+00,1.0000e+00,1.0000e+00,9.5000e-01
171,3976,4742,0,T,C,C,nan,False,False,0,0,0.0000e+00,0.0000e+00,0.0000e+00,0.0000e+00,5.0000e-02
172,4146,4912,1,A,G,G,nan,False,False,0,0,0.0000e+00,0.0000e+00,0.0000e+00,0.0000e+00,5.0000e-02
172,4146,4912,0,G,G,G,nan,False,False,0,0,1.0000e+00,1.0000e+00,1.0000e+00,1.0000e+00,9.5000e-01
173,4155,4921,1,A,G,G,nan,False,False,0,0,0.0000e+00,0.0000e+00,0.0000e+00,0.0000e+00,5.0000e-02
173,4155,4921,0,G,G,G,nan,False,False,0,0,1.0000e+00,1.0000e+00,1.0000e+00,1.0000e+00,9.5000e-01
174,4195,4961,1,-,A,A,nan,False,True,0,0,0.0000e+00,0.0000e+00,2.5000e-01,0.0000e+00,0.0000e+00
174,4195,4961,0,A,A,A,nan,False,False,0,0,1.0000e+00,1.0000e+00,7.5000e-01,1.0000e+00,1.0000e+00
175,4196,4962,1,-,G,G,nan,False,True,0,0,0.0000e+00,0.0000e+00,2.5000e-01,0.0000e+00,0.0000e+00
175,4196,4962,0,G,G,G,nan,False,False,0,0,1.0000e+00,1.0000e+00,7.5000e-01,1.0000e+00,1.0000e+00
176,4197,4963,1,-,G,G,nan,False,True,0,0,0.0000e+00,0.0000e+00,2.5000e-01,0.0000e+00,0.0000e+00
176,4197,4963,0,G,G,G,nan,False,False,0,0,1.0000e+00,1.0000e+00,7.5000e-01,1.0000e+00,1.0000e+00
177,4198,4964,1,-,T,T,nan,False,True,0,0,0.0000e+00,0.0000e+00,2.5000e-01,0.0000e+00,0.0000e+00
177,4198,4964,0,T,T,T,nan,False,False,0,0,1.0000e+00,1.0000e+00,7.5000e-01,1.0000e+00,1.0000e+00
178,4199,4965,1,-,G,G,nan,False,True,0,0,0.0000e+00,0.0000e+00,2.5000e-01,0.0000e+00,0.0000e+00
178,4199,4965,0,G,G,G,nan,False,False,0,0,1.0000e+00,1.0000e+00,7.5000e-01,1.0000e+00,1.0000e+00
179,4200,4966,1,-,A,A,nan,False,True,0,0,0.0000e+00,0.0000e+00,2.5000e-01,0.0000e+00,0.0000e+00
179,4200,4966,0,A,A,A,nan,False,False,0,0,1.0000e+00,1.0000e+00,7.5000e-01,1.0000e+00,1.0000e+00
180,4201,4967,1,-,A,A,nan,False,True,0,0,0.0000e+00,0.0000e+00,2.5000e-01,0.0000e+00,0.0000e+00
180,4201,4967,0,A,A,A,nan,False,False,0,0,1.0000e+00,1.0000e+00,7.5000e-01,1.0000e+00,1.0000e+00
181,4202,4968,1,-,G,G,nan,False,True,0,0,0.0000e+00,0.0000e+00,2.5000e-01,0.0000e+00,0.0000e+00
181,4202,4968,0,G,G,G,nan,False,False,0,0,1.0000e+00,1.0000e+00,7.5000e-01,1.0000e+00,1.0000e+00
182,4203,4969,1,-,G,G,nan,False,True,0,0,0.0000e+00,0.0000e+00,2.5000e-01,0.0000e+00,0.0000e+00
182,4203,4969,0,G,G,G,nan,False,False,0,0,1.0000e+00,1.0000e+00,7.5000e-01,1.0000e+00,1.0000e+00
183,4204,4970,1,-,G,G,nan,False,True,0,0,0.0000e+00,0.0000e+00,2.5000e-01,0.0000e+00,0.0000e+00
183,4204,4970,0,G,G,G,nan,False,False,0,0,1.0000e+00,1.0000e+00,7.5000e-01,1.0000e+00,1.0000e+00
184,4205,4971,1,-,G,G,nan,False,True,0,0,0.0000e+00,0.0000e+00,2.5000e-01,0.0000e+00,0.0000e+00
184,4205,4971,0,G,G,G,nan,False,False,0,0,1.0000e+00,1.0000e+00,7.5000e-01,1.0000e+00,1.0000e+00
185,4206,4972,1,-,C,C,nan,False,True,0,0,0.0000e+00,0.0000e+00,2.5000e-01,0.0000e+00,0.0000e+00
185,4206,4972,0,C,C,C,nan,False,False,0,0,1.0000e+00,1.0000e+00,7.5000e-01,1.0000e+00,1.0000e+00
186,4207,4973,1,-,A,A,nan,False,True,0,0,0.0000e+00,0.0000e+00,2.5000e-01,0.0000e+00,0.0000e+00
186,4207,4973,0,A,A,A,nan,False,False,0,0,1.0000e+00,1.0000e+00,7.5000e-01,1.0000e+00,1.0000e+00
187,4208,4974,1,-,G,G,nan,False,True,0,0,0.0000e+00,0.0000e+00,2.5000e-01,0.0000e+00,0.0000e+00
187,4208,4974,0,G,G,G,nan,False,False,0,0,1.0000e+00,1.0000e+00,7.5000e-01,1.0000e+00,1.0000e+00
188,4209,4975,1,-,T,T,nan,False,True,0,0,0.0000e+00,0.0000e+00,2.5000e-01,0.0000e+00,0.0000e+00
188,4209,4975,0,T,T,T,nan,False,False,0,0,1.0000e+00,1.0000e+00,7.5000e-01,1.0000e+00,1.0000e+00
189,4210,4976,1,-,A,A,nan,False,True,0,0,0.0000e+00,0.0000e+00,2.5000e-01,0.0000e+00,0.0000e+00
189,4210,4976,0,A,A,A,nan,False,False,0,0,1.0000e+00,1.0000e+00,7.5000e-01,1.0000e+00,1.0000e+00
190,4211,4977,1,-,G,G,nan,False,True,0,0,0.0000e+00,0.0000e+00,2.5000e-01,0.0000e+00,0.0000e+00
190,4211,4977,0,G,G,G,nan,False,False,0,0,1.0000e+00,1.0000e+00,7.5000e-01,1.0000e+00,1.0000e+00
191,4212,4978,1,-,T,T,nan,False,True,0,0,0.0000e+00,0.0000e+00,2.5000e-01,0.0000e+00,0.0000e+00
191,4212,4978,0,T,T,T,nan,False,False,0,0,1.0000e+00,1.0000e+00,7.5000e-01,1.0000e+00,1.0000e+00
192,4213,4979,1,-,A,A,nan,False,True,0,0,0.0000e+00,0.0000e+00,5.0000e-01,0.0000e+00,0.0000e+00
192,4213,4979,0,A,A,A,nan,False,False,0,0,1.0000e+00,1.0000e+00,5.0000e-01,1.0000e+00,1.0000e+00
193,4214,4980,1,-,A,A,nan,False,True,0,0,0.0000e+00,0.0000e+00,5.0000e-01,0.0000e+00,0.0000e+00
193,4214,4980,0,A,A,A,nan,False,False,0,0,1.0000e+00,1.0000e+00,5.0000e-01,1.0000e+00,9.5000e-01
193,4214,4980,1,C,A,A,nan,False,False,0,0,0.0000e+00,0.0000e+00,0.0000e+00,0.0000e+00,5.0000e-02
194,4215,4981,1,-,T,T,nan,False,True,0,0,0.0000e+00,0.0000e+00,5.0000e-01,0.0000e+00,0.0000e+00
194,4215,4981,0,T,T,T,nan,False,False,0,0,1.0000e+00,1.0000e+00,5.0000e-01,1.0000e+00,1.0000e+00
195,4216,4982,1,-,A,A,nan,False,True,0,0,0.0000e+00,0.0000e+00,5.0000e-01,0.0000e+00,0.0000e+00
195,4216,4982,0,A,A,A,nan,False,False,0,0,1.0000e+00,1.0000e+00,5.0000e-01,1.0000e+00,1.0000e+00
196,4217,4983,1,-,C,C,nan,False,True,0,0,0.0000e+00,0.0000e+00,5.0000e-01,0.0000e+00,0.0000e+00
196,4217,4983,0,C,C,C,nan,False,False,0,0,1.0000e+00,1.0000e+00,5.0000e-01,1.0000e+00,1.0000e+00
197,4218,4984,1,-,A,A,nan,False,True,0,0,0.0000e+00,0.0000e+00,5.0000e-01,0.0000e+00,0.0000e+00
197,4218,4984,0,A,A,A,nan,False,False,0,0,1.0000e+00,1.0000e+00,5.0000e-01,1.0000e+00,1.0000e+00
198,4219,4985,1,-,A,A,nan,False,True,0,0,0.0000e+00,0.0000e+00,5.0000e-01,0.0000e+00,0.0000e+00
198,4219,4985,0,A,A,A,nan,False,False,0,0,1.0000e+00,1.0000e+00,5.0000e-01,1.0000e+00,1.0000e+00
199,4220,4986,1,-,G,G,nan,False,True,0,0,0.0000e+00,0.0000e+00,5.0000e-01,0.0000e+00,0.0000e+00
199,4220,4986,1,A,G,G,nan,False,False,0,0,0.0000e+00,0.0000e+00,0.0000e+00,0.0000e+00,5.0000e-02
199,4220,4986,0,G,G,G,nan,False,False,0,0,1.0000e+00,1.0000e+00,5.0000e-01,1.0000e+00,9.5000e-01
200,4221,4987,1,-,A,A,nan,False,True,0,0,0.0000e+00,0.0000e+00,5.0000e-01,0.0000e+00,0.0000e+00
200,4221,4987,0,A,A,A,nan,False,False,0,0,1.0000e+00,1.0000e+00,5.0000e-01,1.0000e+00,1.0000e+00
201,4222,4988,1,-,T,T,nan,False,True,0,0,0.0000e+00,0.0000e+00,5.0000e-01,0.0000e+00,0.0000e+00
201,4222,4988,0,T,T,T,nan,False,False,0,0,1.0000e+00,1.0000e+00,5.0000e-01,1.0000e+00,1.0000e+00
202,4223,4989,1,-,A,A,nan,False,True,0,0,0.0000e+00,0.0000e+00,5.0000e-01,0.0000e+00,0.0000e+00
202,4223,4989,0,A,A,A,nan,False,False,0,0,1.0000e+00,1.0000e+00,5.0000e-01,1.0000e+00,1.0000e+00
203,4224,4990,1,-,A,A,nan,False,True,0,0,0.0000e+00,0.0000e+00,5.0000e-01,0.0000e+00,0.0000e+00
203,4224,4990,0,A,A,A,nan,False,False,0,0,1.0000e+00,1.0000e+00,5.0000e-01,1.0000e+00,1.0000e+00
204,4225,4991,1,-,T,T,nan,False,True,0,0,0.0000e+00,0.0000e+00,5.0000e-01,0.0000e+00,0.0000e+00
204,4225,4991,0,T,T,T,nan,False,False,0,0,1.0000e+00,1.0000e+00,5.0000e-01,1.0000e+00,1.0000e+00
205,4226,4992,1,-,A,A,nan,False,True,0,0,0.0000e+00,0.0000e+00,5.0000e-01,0.0000e+00,0.0000e+00
205,4226,4992,0,A,A,A,nan,False,False,0,0,1.0000e+00,1.0000e+00,5.0000e-01,1.0000e+00,1.0000e+00
206,4227,4993,1,-,G,G,nan,False,True,0,0,0.0000e+00,0.0000e+00,5.0000e-01,0.0000e+00,0.0000e+00
206,4227,4993,0,G,G,G,nan,False,False,0,0,1.0000e+00,1.0000e+00,5.0000e-01,1.0000e+00,1.0000e+00
207,4228,4994,1,-,T,T,nan,False,True,0,0,0.0000e+00,0.0000e+00,5.0000e-01,0.0000e+00,0.0000e+00
207,4228,4994,0,T,T,T,nan,False,False,0,0,1.0000e+00,1.0000e+00,5.0000e-01,1.0000e+00,1.0000e+00
208,4229,4995,1,-,G,G,nan,False,True,0,0,0.0000e+00,0.0000e+00,5.0000e-01,0.0000e+00,0.0000e+00
208,4229,4995,0,G,G,G,nan,False,False,0,0,1.0000e+00,1.0000e+00,5.0000e-01,1.0000e+00,1.0000e+00
209,4230,4996,1,-,A,A,nan,False,True,0,0,0.0000e+00,0.0000e+00,5.0000e-01,0.0000e+00,0.0000e+00
209,4230,4996,0,A,A,A,nan,False,False,0,0,1.0000e+00,1.0000e+00,5.0000e-01,1.0000e+00,1.0000e+00
210,4231,4997,1,-,C,C,nan,False,True,0,0,0.0000e+00,0.0000e+00,5.0000e-01,0.0000e+00,0.0000e+00
210,4231,4997,0,C,C,C,nan,False,False,0,0,1.0000e+00,1.0000e+00,5.0000e-01,1.0000e+00,1.0000e+00
211,4232,4998,1,-,A,A,nan,False,True,0,0,0.0000e+00,0.0000e+00,5.0000e-01,0.0000e+00,0.0000e+00
211,4232,4998,0,A,A,A,nan,False,False,0,0,1.0000e+00,1.0000e+00,5.0000e-01,1.0000e+00,1.0000e+00
212,4233,4999,1,-,T,T,nan,False,True,0,0,0.0000e+00,0.0000e+00,5.0000e-01,0.0000e+00,0.0000e+00
212,4233,4999,0,T,T,T,nan,False,False,0,0,1.0000e+00,1.0000e+00,5.0000e-01,1.0000e+00,1.0000e+00
213,4234,5000,1,-,A,A,nan,False,True,0,0,0.0000e+00,0.0000e+00,5.0000e-01,0.0000e+00,0.0000e+00
213,4234,5000,0,A,A,A,nan,False,False,0,0,1.0000e+00,1.0000e+00,5.0000e-01,1.0000e+00,1.0000e+00
214,4235,5001,1,-,A,A,nan,False,True,0,0,0.0000e+00,0.0000e+00,5.0000e-01,0.0000e+00,0.0000e+00
214,4235,5001,0,A,A,A,nan,False,False,0,0,1.0000e+00,1.0000e+00,5.0000e-01,1.0000e+00,1.0000e+00
215,4236,5002,1,-,A,A,nan,False,True,0,0,0.0000e+00,0.0000e+00,5.0000e-01,0.0000e+00,0.0000e+00
215,4236,5002,0,A,A,A,nan,False,False,0,0,1.0000e+00,1.0000e+00,5.0000e-01,1.0000e+00,1.0000e+00
216,4237,5003,1,-,G,G,nan,False,True,0,0,0.0000e+00,0.0000e+00,7.5000e-01,0.0000e+00,0.0000e+00
216,4237,5003,0,G,G,G,nan,False,False,0,0,1.0000e+00,1.0000e+00,2.5000e-01,1.0000e+00,1.0000e+00
217,4238,5004,1,-,G,G,nan,False,True,0,0,0.0000e+00,0.0000e+00,7.5000e-01,0.0000e+00,0.0000e+00
217,4238,5004,0,G,G,G,nan,False,False,0,0,1.0000e+00,1.0000e+00,2.5000e-01,1.0000e+00,1.0000e+00
218,4239,5005,1,-,T,T,nan,False,True,0,0,0.0000e+00,0.0000e+00,7.5000e-01,0.0000e+00,0.0000e+00
218,4239,5005,0,T,T,T,nan,False,False,0,0,1.0000e+00,1.0000e+00,2.5000e-01,1.0000e+00,1.0000e+00
219,4240,5006,1,-,A,A,nan,False,True,0,0,0.0000e+00,0.0000e+00,7.5000e-01,0.0000e+00,0.0000e+00
219,4240,5006,0,A,A,A,nan,False,False,0,0,1.0000e+00,1.0000e+00,2.5000e-01,1.0000e+00,1.0000e+00
220,4241,5007,1,-,G,G,nan,False,True,0,0,0.0000e+00,0.0000e+00,7.5000e-01,0.0000e+00,0.0000e+00
220,4241,5007,0,G,G,G,nan,False,False,0,0,1.0000e+00,1.0000e+00,2.5000e-01,1.0000e+00,1.0000e+00
221,4242,5008,1,-,T,T,nan,False,True,0,0,0.0000e+00,0.0000e+00,7.5000e-01,0.0000e+00,0.0000e+00
221,4242,5008,0,T,T,T,nan,False,False,0,0,1.0000e+00,1.0000e+00,2.5000e-01,1.0000e+00,1.0000e+00
222,4243,5009,1,-,A,A,nan,False,True,0,0,0.0000e+00,0.0000e+00,7.5000e-01,0.0000e+00,0.0000e+00
222,4243,5009,0,A,A,A,nan,False,False,0,0,1.0000e+00,1.0000e+00,2.5000e-01,1.0000e+00,1.0000e+00
223,4244,5010,1,-,C,C,nan,False,True,0,0,0.0000e+00,0.0000e+00,7.5000e-01,0.0000e+00,0.0000e+00
223,4244,5010,0,C,C,C,nan,False,False,0,0,1.0000e+00,1.0000e+00,2.5000e-01,1.0000e+00,1.0000e+00
224,4245,5011,1,-,C,C,nan,False,True,0,0,0.0000e+00,0.0000e+00,7.5000e-01,0.0000e+00,0.0000e+00
224,4245,5011,0,C,C,C,nan,False,False,0,0,1.0000e+00,1.0000e+00,2.5000e-01,1.0000e+00,1.0000e+00
225,4246,5012,1,-,C,A,nan,False,True,0,0,0.0000e+00,0.0000e+00,7.5000e-01,0.0000e+00,0.0000e+00
225,4246,5012,0,C,C,A,nan,False,False,0,0,1.0000e+00,1.0000e+00,2.5000e-01,1.0000e+00,1.0000e+00
226,4247,5013,1,-,A,A,nan,False,True,0,0,0.0000e+00,0.0000e+00,7.5000e-01,0.0000e+00,0.0000e+00
226,4247,5013,0,A,A,A,nan,False,False,0,0,1.0000e+00,1.0000e+00,2.5000e-01,1.0000e+00,1.0000e+00
227,4248,5014,1,-,G,G,nan,False,True,0,0,0.0000e+00,0.0000e+00,7.5000e-01,0.0000e+00,0.0000e+00
227,4248,5014,0,G,G,G,nan,False,False,0,0,1.0000e+00,1.0000e+00,2.5000e-01,1.0000e+00,1.0000e+00
228,4249,5015,1,-,G,G,nan,False,True,0,0,0.0000e+00,0.0000e+00,7.5000e-01,0.0000e+00,0.0000e+00
228,4249,5015,0,G,G,G,nan,False,False,0,0,1.0000e+00,1.0000e+00,2.5000e-01,1.0000e+00,1.0000e+00
229,4250,5016,1,-,A,A,nan,False,True,0,0,0.0000e+00,0.0000e+00,7.5000e-01,0.0000e+00,0.0000e+00
229,4250,5016,0,A,A,A,nan,False,False,0,0,1.0000e+00,1.0000e+00,2.5000e-01,1.0000e+00,1.0000e+00
230,4251,5017,1,-,G,G,nan,False,True,0,0,0.0000e+00,0.0000e+00,7.5000e-01,0.0000e+00,0.0000e+00
230,4251,5017,0,G,G,G,nan,False,False,0,0,1.0000e+00,1.0000e+00,2.5000e-01,1.0000e+00,1.0000e+00
231,4252,5018,1,-,G,G,nan,False,True,0,0,0.0000e+00,0.0000e+00,7.5000e-01,0.0000e+00,0.0000e+00
231,4252,5018,0,G,G,G,nan,False,False,0,0,1.0000e+00,1.0000e+00,2.5000e-01,1.0000e+00,1.0000e+00
232,4253,5019,1,-,A,A,nan,False,True,0,0,0.0000e+00,0.0000e+00,7.5000e-01,0.0000e+00,0.0000e+00
232,4253,5019,0,A,A,A,nan,False,False,0,0,1.0000e+00,1.0000e+00,2.5000e-01,1.0000e+00,1.0000e+00
233,4254,5020,1,-,A,A,nan,False,True,0,0,0.0000e+00,0.0000e+00,7.5000e-01,0.0000e+00,0.0000e+00
233,4254,5020,0,A,A,A,nan,False,False,0,0,1.0000e+00,1.0000e+00,2.5000e-01,1.0000e+00,1.0000e+00
234,4255,5021,1,-,A,A,nan,False,True,0,0,0.0000e+00,0.0000e+00,7.5000e-01,0.0000e+00,0.0000e+00
234,4255,5021,0,A,A,A,nan,False,False,0,0,1.0000e+00,1.0000e+00,2.5000e-01,1.0000e+00,1.0000e+00
235,4256,5022,1,-,G,G,nan,False,True,0,0,0.0000e+00,0.0000e+00,7.5000e-01,0.0000e+00,0.0000e+00
235,4256,5022,0,G,G,G,nan,False,False,0,0,1.0000e+00,1.0000e+00,2.5000e-01,1.0000e+00,1.0000e+00
236,4257,5023,1,-,T,C,nan,False,True,0,0,0.0000e+00,0.0000e+00,7.5000e-01,0.0000e+00,0.0000e+00
236,4257,5023,0,T,T,C,nan,False,False,0,0,1.0000e+00,1.0000e+00,2.5000e-01,1.0000e+00,1.0000e+00
237,4258,5024,1,-,A,A,nan,False,True,0,0,0.0000e+00,0.0000e+00,7.5000e-01,0.0000e+00,0.0000e+00
237,4258,5024,0,A,A,A,nan,False,False,0,0,1.0000e+00,1.0000e+00,2.5000e-01,1.0000e+00,1.0000e+00
238,4259,5025,1,-,A,A,nan,False,True,0,0,0.0000e+00,0.0000e+00,7.5000e-01,0.0000e+00,0.0000e+00
238,4259,5025,0,A,A,A,nan,False,False,0,0,1.0000e+00,1.0000e+00,2.5000e-01,1.0000e+00,1.0000e+00
239,4260,5026,1,-,A,A,nan,False,True,0,0,0.0000e+00,0.0000e+00,7.5000e-01,0.0000e+00,0.0000e+00
239,4260,5026,0,A,A,A,nan,False,False,0,0,1.0000e+00,1.0000e+00,2.5000e-01,1.0000e+00,1.0000e+00
240,4261,5027,1,-,A,A,nan,False,True,0,0,0.0000e+00,0.0000e+00,7.5000e-01,0.0000e+00,0.0000e+00
240,4261,5027,0,A,A,A,nan,False,False,0,0,1.0000e+00,1.0000e+00,2.5000e-01,1.0000e+00,1.0000e+00
241,4262,5028,1,-,A,A,nan,False,True,0,0,0.0000e+00,0.0000e+00,7.5000e-01,0.0000e+00,0.0000e+00
241,4262,5028,0,A,A,A,nan,False,False,0,0,1.0000e+00,1.0000e+00,2.5000e-01,1.0000e+00,1.0000e+00
242,4263,5029,1,-,T,T,nan,False,True,0,0,0.0000e+00,0.0000e+00,7.5000e-01,0.0000e+00,0.0000e+00
242,4263,5029,0,T,T,T,nan,False,False,0,0,1.0000e+00,1.0000e+00,2.5000e-01,1.0000e+00,1.0000e+00
243,4264,5030,1,-,C,C,nan,False,True,0,0,0.0000e+00,0.0000e+00,7.5000e-01,0.0000e+00,0.0000e+00
243,4264,5030,0,C,C,C,nan,False,False,0,0,1.0000e+00,1.0000e+00,2.5000e-01,1.0000e+00,1.0000e+00
244,4265,5031,1,-,A,A,nan,False,True,0,0,0.0000e+00,0.0000e+00,7.5000e-01,0.0000e+00,0.0000e+00
244,4265,5031,0,A,A,A,nan,False,False,0,0,1.0000e+00,1.0000e+00,2.5000e-01,1.0000e+00,1.0000e+00
245,4266,5032,1,-,T,T,nan,False,True,0,0,0.0000e+00,0.0000e+00,7.5000e-01,0.0000e+00,5.0000e-02
245,4266,5032,0,T,T,T,nan,False,False,0,0,1.0000e+00,1.0000e+00,2.5000e-01,1.0000e+00,9.5000e-01
246,4267,5033,1,-,T,T,nan,False,True,0,0,0.0000e+00,0.0000e+00,7.5000e-01,0.0000e+00,5.0000e-02
246,4267,5033,0,T,T,T,nan,False,False,0,0,1.0000e+00,1.0000e+00,2.5000e-01,1.0000e+00,9.5000e-01
247,4268,5034,1,-,A,A,nan,False,True,0,0,0.0000e+00,0.0000e+00,7.5000e-01,0.0000e+00,5.0000e-02
247,4268,5034,0,A,A,A,nan,False,False,0,0,1.0000e+00,1.0000e+00,2.5000e-01,1.0000e+00,9.5000e-01
248,4269,5035,1,-,G,A,nan,False,True,0,0,0.0000e+00,0.0000e+00,7.5000e-01,0.0000e+00,5.0000e-02
248,4269,5035,0,G,G,A,nan,False,False,0,0,1.0000e+00,1.0000e+00,2.5000e-01,1.0000e+00,9.5000e-01
249,4270,5036,1,-,G,G,nan,False,True,0,0,0.0000e+00,0.0000e+00,1.0000e+00,0.0000e+00,5.0000e-02
249,4270,5036,0,G,G,G,nan,False,False,0,0,1.0000e+00,1.0000e+00,0.0000e+00,1.0000e+00,9.5000e-01
250,4271,5037,1,-,G,G,nan,False,True,0,0,0.0000e+00,0.0000e+00,1.0000e+00,0.0000e+00,5.0000e-02
250,4271,5037,0,G,G,G,nan,False,False,0,0,1.0000e+00,1.0000e+00,0.0000e+00,1.0000e+00,9.5000e-01
251,4272,5038,1,-,A,A,nan,False,True,0,0,0.0000e+00,0.0000e+00,1.0000e+00,0.0000e+00,5.0000e-02
251,4272,5038,0,A,A,A,nan,False,False,0,0,1.0000e+00,1.0000e+00,0.0000e+00,1.0000e+00,9.5000e-01
252,4273,5039,1,-,C,C,nan,False,True,0,0,0.0000e+00,0.0000e+00,1.0000e+00,0.0000e+00,5.0000e-02
252,4273,5039,0,C,C,C,nan,False,False,0,0,1.0000e+00,1.0000e+00,0.0000e+00,1.0000e+00,9.5000e-01
253,4274,5040,0,-,T,T,nan,False,True,0,0,0.0000e+00,0.0000e+00,1.0000e+00,0.0000e+00,5.0000e-02
253,4274,5040,0,T,T,T,nan,False,False,0,0,1.0000e+00,1.0000e+00,0.0000e+00,1.0000e+00,9.5000e-01
